[{"model": "courses.major", "pk": 2, "fields": {"major": "EXAMPLE"}}, {"model": "courses.major", "pk": 3, "fields": {"major": "test"}}, {"model": "courses.category", "pk": 1, "fields": {"category": "GED", "major": 2}}, {"model": "courses.subcategory", "pk": 1, "fields": {"subcategory": "Natural Sciences", "note": "(Minimum 10 credit hours) There must be at least one biological science course, one physical science course, and one course with a laboratory.", "categories": [1]}}, {"model": "courses.subcategory", "pk": 2, "fields": {"subcategory": "Writing and Related Skills", "note": "n/a", "categories": [1]}}, {"model": "courses.subcategory", "pk": 3, "fields": {"subcategory": "Quantitative and Logical Skills", "note": "n/a", "categories": [1]}}, {"model": "courses.subcategory", "pk": 4, "fields": {"subcategory": "Social Sciences", "note": "n/a", "categories": [1]}}, {"model": "courses.subcategory", "pk": 5, "fields": {"subcategory": "Arts & Humanities", "note": "n/a", "categories": [1]}}, {"model": "courses.subcategory", "pk": 6, "fields": {"subcategory": "Open Option", "note": "(Minimum 6 credit hours)  Open option courses may be selected from among other GE courses, service-learning courses, cross-disciplinary seminars, and/or study abroad.", "categories": [1]}}, {"model": "courses.subcategory", "pk": 7, "fields": {"subcategory": "Social Diversity", "note": "At least one course must be a designated social diversity course (typically embedded in other requirements).", "categories": [1]}}, {"model": "courses.subcategory", "pk": 8, "fields": {"subcategory": "Global Studies", "note": "Two courses must be designated global studies courses (typically embedded in other requirements).", "categories": [1]}}, {"model": "courses.requirement", "pk": 1, "fields": {"requirement": "Biological Science", "credit": 3, "subcategories": [1]}}, {"model": "courses.requirement", "pk": 2, "fields": {"requirement": "Physical Science", "credit": 3, "subcategories": [1]}}, {"model": "courses.requirement", "pk": 3, "fields": {"requirement": "Other Natural Science", "credit": 3, "subcategories": [1]}}, {"model": "courses.requirement", "pk": 4, "fields": {"requirement": "Lab", "credit": 1, "subcategories": [1]}}, {"model": "courses.requirement", "pk": 5, "fields": {"requirement": "English 1110.01 or 1110.02 or 1110.03", "credit": 3, "subcategories": [2]}}, {"model": "courses.requirement", "pk": 6, "fields": {"requirement": "2nd Writing Course (2367)", "credit": 3, "subcategories": [2]}}, {"model": "courses.requirement", "pk": 7, "fields": {"requirement": "Mathematics 1131 or 1151", "credit": 5, "subcategories": [3]}}, {"model": "courses.requirement", "pk": 8, "fields": {"requirement": "Statistics 1430", "credit": 4, "subcategories": [3]}}, {"model": "courses.requirement", "pk": 9, "fields": {"requirement": "CSE 2111", "credit": 3, "subcategories": [3]}}, {"model": "courses.requirement", "pk": 10, "fields": {"requirement": "Economics 2001.01", "credit": 3, "subcategories": [4]}}, {"model": "courses.requirement", "pk": 11, "fields": {"requirement": "Economics 2002.01", "credit": 3, "subcategories": [4]}}, {"model": "courses.requirement", "pk": 12, "fields": {"requirement": "History", "credit": 3, "subcategories": [5]}}, {"model": "courses.requirement", "pk": 13, "fields": {"requirement": "Literature", "credit": 3, "subcategories": [5]}}, {"model": "courses.requirement", "pk": 14, "fields": {"requirement": "Visual & Performing Arts", "credit": 3, "subcategories": [5]}}, {"model": "courses.requirement", "pk": 15, "fields": {"requirement": "Cultures & Ideas or History or Foreign Language 1102.01", "credit": 3, "subcategories": [5]}}, {"model": "courses.requirement", "pk": 16, "fields": {"requirement": "Open Option", "credit": 6, "subcategories": [6]}}, {"model": "courses.requirement", "pk": 17, "fields": {"requirement": "Social Diversity", "credit": 1, "subcategories": [7]}}, {"model": "courses.requirement", "pk": 18, "fields": {"requirement": "Global Studies", "credit": 2, "subcategories": [8]}}, {"model": "courses.course", "pk": 2, "fields": {"course": "CSE 2111", "credit": "3", "requirements": [9]}}, {"model": "courses.course", "pk": 3, "fields": {"course": "STAT 1430", "credit": "4", "requirements": [8]}}, {"model": "courses.course", "pk": 4, "fields": {"course": "Math 1152", "credit": "5", "requirements": [7, 16]}}, {"model": "courses.course", "pk": 5, "fields": {"course": "Math 1151", "credit": "5", "requirements": [7]}}, {"model": "courses.course", "pk": 6, "fields": {"course": "English 1110.01", "credit": "3", "requirements": [5]}}, {"model": "courses.course", "pk": 7, "fields": {"course": "English 1110.02", "credit": "3", "requirements": [5]}}, {"model": "courses.course", "pk": 8, "fields": {"course": "English 1110.03", "credit": "3", "requirements": [5]}}, {"model": "courses.course", "pk": 9, "fields": {"course": "ECON 2001.01", "credit": "3", "requirements": [10]}}, {"model": "courses.course", "pk": 10, "fields": {"course": "ECON 2002.01", "credit": "3", "requirements": [11]}}, {"model": "courses.course", "pk": 11, "fields": {"course": "History 2002", "credit": "3", "requirements": [12, 14]}}, {"model": "courses.course", "pk": 12, "fields": {"course": "Biology 1101", "credit": "4", "requirements": [1, 4]}}, {"model": "courses.course", "pk": 13, "fields": {"course": "Biology 1113", "credit": "4", "requirements": [1, 4]}}, {"model": "courses.course", "pk": 14, "fields": {"course": "Biology 1114", "credit": "4", "requirements": [1, 4]}}, {"model": "courses.course", "pk": 15, "fields": {"course": "Math 1151", "credit": "5", "requirements": []}}, {"model": "courses.course", "pk": 16, "fields": {"course": "Math 1152", "credit": "5", "requirements": []}}, {"model": "courses.course", "pk": 17, "fields": {"course": "CHEM 1110", "credit": "5", "requirements": [2, 4]}}, {"model": "courses.course", "pk": 18, "fields": {"course": "CHEM 1210", "credit": "5", "requirements": [2, 4]}}, {"model": "courses.course", "pk": 19, "fields": {"course": "CSE 1223", "credit": "3", "requirements": []}}, {"model": "courses.course", "pk": 20, "fields": {"course": "CSE 2123", "credit": "3", "requirements": []}}, {"model": "courses.course", "pk": 21, "fields": {"course": "CSE 1211", "credit": "3", "requirements": []}}, {"model": "courses.course", "pk": 26, "fields": {"course": "ENR 2100", "credit": "3", "requirements": [1]}}, {"model": "courses.course", "pk": 27, "fields": {"course": "POLITSC 1100", "credit": "3", "requirements": [16]}}, {"model": "courses.course", "pk": 28, "fields": {"course": "POLITSC 1200", "credit": "3", "requirements": [16, 18]}}, {"model": "courses.course", "pk": 29, "fields": {"course": "History 1212", "credit": "3", "requirements": [12, 18]}}, {"model": "courses.course", "pk": 30, "fields": {"course": "History 1151", "credit": "3", "requirements": [12]}}, {"model": "courses.course", "pk": 31, "fields": {"course": "History 1152", "credit": "3", "requirements": [12]}}, {"model": "courses.course", "pk": 32, "fields": {"course": "History 1681", "credit": "3", "requirements": [12, 18]}}, {"model": "courses.course", "pk": 33, "fields": {"course": "History 1682", "credit": "3", "requirements": [12, 18]}}, {"model": "courses.course", "pk": 34, "fields": {"course": "Geography 2400", "credit": "3", "requirements": [16, 18]}}, {"model": "courses.course", "pk": 35, "fields": {"course": "Music 1121", "credit": "2", "requirements": []}}, {"model": "courses.course", "pk": 36, "fields": {"course": "Music 2221", "credit": "2", "requirements": []}}, {"model": "courses.course", "pk": 37, "fields": {"course": "Music 2224", "credit": "2", "requirements": []}}, {"model": "courses.course", "pk": 38, "fields": {"course": "PHYSICS 1200", "credit": "5", "requirements": [2, 4]}}, {"model": "courses.course", "pk": 39, "fields": {"course": "PHYSICS 1201", "credit": "5", "requirements": [2, 4]}}, {"model": "courses.course", "pk": 40, "fields": {"course": "PHYSICS 1251", "credit": "5", "requirements": [2, 4]}}, {"model": "courses.course", "pk": 41, "fields": {"course": "PHYSICS 1250", "credit": "5", "requirements": [2, 4]}}, {"model": "courses.course", "pk": 42, "fields": {"course": "Psych 1100", "credit": "3", "requirements": [16, 17]}}, {"model": "courses.course", "pk": 43, "fields": {"course": "STAT 1450", "credit": "3", "requirements": [8]}}, {"model": "courses.course", "pk": 44, "fields": {"course": "STAT 2450", "credit": "3", "requirements": [8]}}, {"model": "courses.course", "pk": 45, "fields": {"course": "ART 2300", "credit": "3", "requirements": [14]}}, {"model": "courses.course", "pk": 46, "fields": {"course": "ART 2400", "credit": "3", "requirements": []}}, {"model": "courses.course", "pk": 47, "fields": {"course": "ART 2100", "credit": "3", "requirements": [14]}}, {"model": "courses.prereq", "pk": 1, "fields": {"prereq": "n/a", "courses": [2, 3, 4, 5, 6, 7, 8, 9, 10, 11, 12, 13, 14, 15, 16, 17, 18, 19, 20, 21, 26, 27, 28, 29, 30, 31, 32, 33, 34, 35, 36, 37, 38, 39, 40, 41, 42, 43, 44, 45, 46, 47]}}, {"model": "courses.apcredit", "pk": 122, "fields": {"test": "Art History", "scoremin": 3, "scoremax": 5, "courses": [11]}}, {"model": "courses.apcredit", "pk": 123, "fields": {"test": "Biology", "scoremin": 3, "scoremax": 3, "courses": []}}, {"model": "courses.apcredit", "pk": 124, "fields": {"test": "Biology", "scoremin": 4, "scoremax": 4, "courses": [13]}}, {"model": "courses.apcredit", "pk": 125, "fields": {"test": "Biology", "scoremin": 5, "scoremax": 5, "courses": [13, 14]}}, {"model": "courses.apcredit", "pk": 126, "fields": {"test": "Calculus AB", "scoremin": 3, "scoremax": 5, "courses": [5]}}, {"model": "courses.apcredit", "pk": 127, "fields": {"test": "Calculus BC", "scoremin": 3, "scoremax": 5, "courses": [4, 5]}}, {"model": "courses.apcredit", "pk": 128, "fields": {"test": "Chemistry", "scoremin": 3, "scoremax": 3, "courses": [17]}}, {"model": "courses.apcredit", "pk": 129, "fields": {"test": "Chemistry", "scoremin": 4, "scoremax": 5, "courses": [18]}}, {"model": "courses.apcredit", "pk": 130, "fields": {"test": "Computer Science A", "scoremin": 3, "scoremax": 3, "courses": [19]}}, {"model": "courses.apcredit", "pk": 131, "fields": {"test": "Computer Science A", "scoremin": 4, "scoremax": 5, "courses": [19, 20]}}, {"model": "courses.apcredit", "pk": 132, "fields": {"test": "Computer Science Principles", "scoremin": 3, "scoremax": 5, "courses": [21]}}, {"model": "courses.apcredit", "pk": 133, "fields": {"test": "Microeconomics", "scoremin": 3, "scoremax": 5, "courses": [9]}}, {"model": "courses.apcredit", "pk": 134, "fields": {"test": "Macroeconomics", "scoremin": 3, "scoremax": 5, "courses": [10]}}, {"model": "courses.apcredit", "pk": 135, "fields": {"test": "English Language & Composition", "scoremin": 3, "scoremax": 5, "courses": [6]}}, {"model": "courses.apcredit", "pk": 136, "fields": {"test": "English Literature & Composition", "scoremin": 3, "scoremax": 5, "courses": [7]}}, {"model": "courses.apcredit", "pk": 137, "fields": {"test": "Environmental Science", "scoremin": 3, "scoremax": 5, "courses": [26]}}, {"model": "courses.apcredit", "pk": 138, "fields": {"test": "Gov. & Politics: US", "scoremin": 3, "scoremax": 5, "courses": [27]}}, {"model": "courses.apcredit", "pk": 139, "fields": {"test": "Gov. & Politics: Comparative", "scoremin": 3, "scoremax": 5, "courses": [28]}}, {"model": "courses.apcredit", "pk": 140, "fields": {"test": "History: European", "scoremin": 3, "scoremax": 5, "courses": [29]}}, {"model": "courses.apcredit", "pk": 141, "fields": {"test": "History: US", "scoremin": 3, "scoremax": 5, "courses": [30, 31]}}, {"model": "courses.apcredit", "pk": 142, "fields": {"test": "History: World", "scoremin": 3, "scoremax": 5, "courses": [32, 33]}}, {"model": "courses.apcredit", "pk": 143, "fields": {"test": "Human Geography", "scoremin": 3, "scoremax": 5, "courses": [34]}}, {"model": "courses.apcredit", "pk": 144, "fields": {"test": "Music Theory", "scoremin": 3, "scoremax": 3, "courses": [35]}}, {"model": "courses.apcredit", "pk": 145, "fields": {"test": "Music Theory", "scoremin": 4, "scoremax": 5, "courses": [36, 37]}}, {"model": "courses.apcredit", "pk": 146, "fields": {"test": "Physics 1", "scoremin": 3, "scoremax": 5, "courses": [38]}}, {"model": "courses.apcredit", "pk": 147, "fields": {"test": "Physics 2", "scoremin": 3, "scoremax": 5, "courses": [39]}}, {"model": "courses.apcredit", "pk": 148, "fields": {"test": "Physics C: Electricity & Magnets", "scoremin": 3, "scoremax": 5, "courses": [40]}}, {"model": "courses.apcredit", "pk": 149, "fields": {"test": "Physics C: Mechanics", "scoremin": 3, "scoremax": 5, "courses": [41]}}, {"model": "courses.apcredit", "pk": 150, "fields": {"test": "Psychology", "scoremin": 3, "scoremax": 5, "courses": [42]}}, {"model": "courses.apcredit", "pk": 151, "fields": {"test": "Statistics", "scoremin": 3, "scoremax": 3, "courses": [43]}}, {"model": "courses.apcredit", "pk": 152, "fields": {"test": "Statistics", "scoremin": 4, "scoremax": 5, "courses": [44]}}, {"model": "courses.apcredit", "pk": 153, "fields": {"test": "Studio Art: 2D Design", "scoremin": 3, "scoremax": 5, "courses": [45]}}, {"model": "courses.apcredit", "pk": 154, "fields": {"test": "Studio Art: 3D Design", "scoremin": 3, "scoremax": 5, "courses": [46]}}, {"model": "courses.apcredit", "pk": 155, "fields": {"test": "Studio Art: Drawing", "scoremin": 3, "scoremax": 5, "courses": [47]}}, {"model": "students.student", "pk": 4, "fields": {"firstname": "Jerry", "lastname": "Smith", "username": "jerrysmith"}}, {"model": "students.enrolled", "pk": 2, "fields": {"enrolled": true, "students": 4}}, {"model": "students.major", "pk": 5, "fields": {"major": "test", "enrolled": [2]}}, {"model": "contenttypes.contenttype", "pk": 1, "fields": {"app_label": "courses", "model": "categories"}}, {"model": "contenttypes.contenttype", "pk": 2, "fields": {"app_label": "courses", "model": "courseoptions"}}, {"model": "contenttypes.contenttype", "pk": 3, "fields": {"app_label": "courses", "model": "major"}}, {"model": "contenttypes.contenttype", "pk": 4, "fields": {"app_label": "courses", "model": "requirements"}}, {"model": "contenttypes.contenttype", "pk": 5, "fields": {"app_label": "courses", "model": "prerequisites"}}, {"model": "contenttypes.contenttype", "pk": 6, "fields": {"app_label": "admin", "model": "logentry"}}, {"model": "contenttypes.contenttype", "pk": 7, "fields": {"app_label": "auth", "model": "permission"}}, {"model": "contenttypes.contenttype", "pk": 8, "fields": {"app_label": "auth", "model": "group"}}, {"model": "contenttypes.contenttype", "pk": 9, "fields": {"app_label": "auth", "model": "user"}}, {"model": "contenttypes.contenttype", "pk": 10, "fields": {"app_label": "contenttypes", "model": "contenttype"}}, {"model": "contenttypes.contenttype", "pk": 11, "fields": {"app_label": "sessions", "model": "session"}}, {"model": "contenttypes.contenttype", "pk": 12, "fields": {"app_label": "courses", "model": "requirement"}}, {"model": "contenttypes.contenttype", "pk": 13, "fields": {"app_label": "courses", "model": "course"}}, {"model": "contenttypes.contenttype", "pk": 14, "fields": {"app_label": "courses", "model": "prereq"}}, {"model": "contenttypes.contenttype", "pk": 15, "fields": {"app_label": "courses", "model": "category"}}, {"model": "contenttypes.contenttype", "pk": 16, "fields": {"app_label": "courses", "model": "subcategory"}}, {"model": "contenttypes.contenttype", "pk": 17, "fields": {"app_label": "courses", "model": "apcredit"}}, {"model": "contenttypes.contenttype", "pk": 18, "fields": {"app_label": "students", "model": "enrolled"}}, {"model": "contenttypes.contenttype", "pk": 19, "fields": {"app_label": "students", "model": "semester"}}, {"model": "contenttypes.contenttype", "pk": 20, "fields": {"app_label": "students", "model": "year"}}, {"model": "contenttypes.contenttype", "pk": 21, "fields": {"app_label": "students", "model": "course"}}, {"model": "contenttypes.contenttype", "pk": 22, "fields": {"app_label": "students", "model": "major"}}, {"model": "contenttypes.contenttype", "pk": 23, "fields": {"app_label": "students", "model": "student"}}, {"model": "sessions.session", "pk": "03yphwch0vur0f2ice3wxwtscv6jijt1", "fields": {"session_data": "ZmUyMjFhNGEzNzMxNjhhMDg0MDQ5ZmM1NjcwOTVkZTBmZDYxMjJhNDp7Il9hdXRoX3VzZXJfaWQiOiIyIiwiX2F1dGhfdXNlcl9iYWNrZW5kIjoiZGphbmdvLmNvbnRyaWIuYXV0aC5iYWNrZW5kcy5Nb2RlbEJhY2tlbmQiLCJfYXV0aF91c2VyX2hhc2giOiIyNmIyM2JkMzdhZThiMDczZjg5ZTQzMWU2NjRiNTVmMThiY2Y3NGVkIn0=", "expire_date": "2020-07-09T22:44:28.618Z"}}, {"model": "sessions.session", "pk": "l05iqwzlzp1rr1skw0gt9mwcmtnjbihv", "fields": {"session_data": "ZmUyMjFhNGEzNzMxNjhhMDg0MDQ5ZmM1NjcwOTVkZTBmZDYxMjJhNDp7Il9hdXRoX3VzZXJfaWQiOiIyIiwiX2F1dGhfdXNlcl9iYWNrZW5kIjoiZGphbmdvLmNvbnRyaWIuYXV0aC5iYWNrZW5kcy5Nb2RlbEJhY2tlbmQiLCJfYXV0aF91c2VyX2hhc2giOiIyNmIyM2JkMzdhZThiMDczZjg5ZTQzMWU2NjRiNTVmMThiY2Y3NGVkIn0=", "expire_date": "2020-07-09T02:59:18.949Z"}}, {"model": "sessions.session", "pk": "t0ne5g9g2s3qbdtlo1hww82ordn3ggws", "fields": {"session_data": "ZmUyMjFhNGEzNzMxNjhhMDg0MDQ5ZmM1NjcwOTVkZTBmZDYxMjJhNDp7Il9hdXRoX3VzZXJfaWQiOiIyIiwiX2F1dGhfdXNlcl9iYWNrZW5kIjoiZGphbmdvLmNvbnRyaWIuYXV0aC5iYWNrZW5kcy5Nb2RlbEJhY2tlbmQiLCJfYXV0aF91c2VyX2hhc2giOiIyNmIyM2JkMzdhZThiMDczZjg5ZTQzMWU2NjRiNTVmMThiY2Y3NGVkIn0=", "expire_date": "2020-07-08T20:43:47.453Z"}}, {"model": "auth.permission", "pk": 1, "fields": {"name": "Can add categories", "content_type": 1, "codename": "add_categories"}}, {"model": "auth.permission", "pk": 2, "fields": {"name": "Can change categories", "content_type": 1, "codename": "change_categories"}}, {"model": "auth.permission", "pk": 3, "fields": {"name": "Can delete categories", "content_type": 1, "codename": "delete_categories"}}, {"model": "auth.permission", "pk": 4, "fields": {"name": "Can view categories", "content_type": 1, "codename": "view_categories"}}, {"model": "auth.permission", "pk": 5, "fields": {"name": "Can add course options", "content_type": 2, "codename": "add_courseoptions"}}, {"model": "auth.permission", "pk": 6, "fields": {"name": "Can change course options", "content_type": 2, "codename": "change_courseoptions"}}, {"model": "auth.permission", "pk": 7, "fields": {"name": "Can delete course options", "content_type": 2, "codename": "delete_courseoptions"}}, {"model": "auth.permission", "pk": 8, "fields": {"name": "Can view course options", "content_type": 2, "codename": "view_courseoptions"}}, {"model": "auth.permission", "pk": 9, "fields": {"name": "Can add major", "content_type": 3, "codename": "add_major"}}, {"model": "auth.permission", "pk": 10, "fields": {"name": "Can change major", "content_type": 3, "codename": "change_major"}}, {"model": "auth.permission", "pk": 11, "fields": {"name": "Can delete major", "content_type": 3, "codename": "delete_major"}}, {"model": "auth.permission", "pk": 12, "fields": {"name": "Can view major", "content_type": 3, "codename": "view_major"}}, {"model": "auth.permission", "pk": 13, "fields": {"name": "Can add requirements", "content_type": 4, "codename": "add_requirements"}}, {"model": "auth.permission", "pk": 14, "fields": {"name": "Can change requirements", "content_type": 4, "codename": "change_requirements"}}, {"model": "auth.permission", "pk": 15, "fields": {"name": "Can delete requirements", "content_type": 4, "codename": "delete_requirements"}}, {"model": "auth.permission", "pk": 16, "fields": {"name": "Can view requirements", "content_type": 4, "codename": "view_requirements"}}, {"model": "auth.permission", "pk": 17, "fields": {"name": "Can add prerequisites", "content_type": 5, "codename": "add_prerequisites"}}, {"model": "auth.permission", "pk": 18, "fields": {"name": "Can change prerequisites", "content_type": 5, "codename": "change_prerequisites"}}, {"model": "auth.permission", "pk": 19, "fields": {"name": "Can delete prerequisites", "content_type": 5, "codename": "delete_prerequisites"}}, {"model": "auth.permission", "pk": 20, "fields": {"name": "Can view prerequisites", "content_type": 5, "codename": "view_prerequisites"}}, {"model": "auth.permission", "pk": 21, "fields": {"name": "Can add log entry", "content_type": 6, "codename": "add_logentry"}}, {"model": "auth.permission", "pk": 22, "fields": {"name": "Can change log entry", "content_type": 6, "codename": "change_logentry"}}, {"model": "auth.permission", "pk": 23, "fields": {"name": "Can delete log entry", "content_type": 6, "codename": "delete_logentry"}}, {"model": "auth.permission", "pk": 24, "fields": {"name": "Can view log entry", "content_type": 6, "codename": "view_logentry"}}, {"model": "auth.permission", "pk": 25, "fields": {"name": "Can add permission", "content_type": 7, "codename": "add_permission"}}, {"model": "auth.permission", "pk": 26, "fields": {"name": "Can change permission", "content_type": 7, "codename": "change_permission"}}, {"model": "auth.permission", "pk": 27, "fields": {"name": "Can delete permission", "content_type": 7, "codename": "delete_permission"}}, {"model": "auth.permission", "pk": 28, "fields": {"name": "Can view permission", "content_type": 7, "codename": "view_permission"}}, {"model": "auth.permission", "pk": 29, "fields": {"name": "Can add group", "content_type": 8, "codename": "add_group"}}, {"model": "auth.permission", "pk": 30, "fields": {"name": "Can change group", "content_type": 8, "codename": "change_group"}}, {"model": "auth.permission", "pk": 31, "fields": {"name": "Can delete group", "content_type": 8, "codename": "delete_group"}}, {"model": "auth.permission", "pk": 32, "fields": {"name": "Can view group", "content_type": 8, "codename": "view_group"}}, {"model": "auth.permission", "pk": 33, "fields": {"name": "Can add user", "content_type": 9, "codename": "add_user"}}, {"model": "auth.permission", "pk": 34, "fields": {"name": "Can change user", "content_type": 9, "codename": "change_user"}}, {"model": "auth.permission", "pk": 35, "fields": {"name": "Can delete user", "content_type": 9, "codename": "delete_user"}}, {"model": "auth.permission", "pk": 36, "fields": {"name": "Can view user", "content_type": 9, "codename": "view_user"}}, {"model": "auth.permission", "pk": 37, "fields": {"name": "Can add content type", "content_type": 10, "codename": "add_contenttype"}}, {"model": "auth.permission", "pk": 38, "fields": {"name": "Can change content type", "content_type": 10, "codename": "change_contenttype"}}, {"model": "auth.permission", "pk": 39, "fields": {"name": "Can delete content type", "content_type": 10, "codename": "delete_contenttype"}}, {"model": "auth.permission", "pk": 40, "fields": {"name": "Can view content type", "content_type": 10, "codename": "view_contenttype"}}, {"model": "auth.permission", "pk": 41, "fields": {"name": "Can add session", "content_type": 11, "codename": "add_session"}}, {"model": "auth.permission", "pk": 42, "fields": {"name": "Can change session", "content_type": 11, "codename": "change_session"}}, {"model": "auth.permission", "pk": 43, "fields": {"name": "Can delete session", "content_type": 11, "codename": "delete_session"}}, {"model": "auth.permission", "pk": 44, "fields": {"name": "Can view session", "content_type": 11, "codename": "view_session"}}, {"model": "auth.permission", "pk": 45, "fields": {"name": "Can add requirement", "content_type": 12, "codename": "add_requirement"}}, {"model": "auth.permission", "pk": 46, "fields": {"name": "Can change requirement", "content_type": 12, "codename": "change_requirement"}}, {"model": "auth.permission", "pk": 47, "fields": {"name": "Can delete requirement", "content_type": 12, "codename": "delete_requirement"}}, {"model": "auth.permission", "pk": 48, "fields": {"name": "Can view requirement", "content_type": 12, "codename": "view_requirement"}}, {"model": "auth.permission", "pk": 49, "fields": {"name": "Can add course", "content_type": 13, "codename": "add_course"}}, {"model": "auth.permission", "pk": 50, "fields": {"name": "Can change course", "content_type": 13, "codename": "change_course"}}, {"model": "auth.permission", "pk": 51, "fields": {"name": "Can delete course", "content_type": 13, "codename": "delete_course"}}, {"model": "auth.permission", "pk": 52, "fields": {"name": "Can view course", "content_type": 13, "codename": "view_course"}}, {"model": "auth.permission", "pk": 53, "fields": {"name": "Can add prereq", "content_type": 14, "codename": "add_prereq"}}, {"model": "auth.permission", "pk": 54, "fields": {"name": "Can change prereq", "content_type": 14, "codename": "change_prereq"}}, {"model": "auth.permission", "pk": 55, "fields": {"name": "Can delete prereq", "content_type": 14, "codename": "delete_prereq"}}, {"model": "auth.permission", "pk": 56, "fields": {"name": "Can view prereq", "content_type": 14, "codename": "view_prereq"}}, {"model": "auth.permission", "pk": 57, "fields": {"name": "Can add category", "content_type": 15, "codename": "add_category"}}, {"model": "auth.permission", "pk": 58, "fields": {"name": "Can change category", "content_type": 15, "codename": "change_category"}}, {"model": "auth.permission", "pk": 59, "fields": {"name": "Can delete category", "content_type": 15, "codename": "delete_category"}}, {"model": "auth.permission", "pk": 60, "fields": {"name": "Can view category", "content_type": 15, "codename": "view_category"}}, {"model": "auth.permission", "pk": 61, "fields": {"name": "Can add sub category", "content_type": 16, "codename": "add_subcategory"}}, {"model": "auth.permission", "pk": 62, "fields": {"name": "Can change sub category", "content_type": 16, "codename": "change_subcategory"}}, {"model": "auth.permission", "pk": 63, "fields": {"name": "Can delete sub category", "content_type": 16, "codename": "delete_subcategory"}}, {"model": "auth.permission", "pk": 64, "fields": {"name": "Can view sub category", "content_type": 16, "codename": "view_subcategory"}}, {"model": "auth.permission", "pk": 65, "fields": {"name": "Can add ap credit", "content_type": 17, "codename": "add_apcredit"}}, {"model": "auth.permission", "pk": 66, "fields": {"name": "Can change ap credit", "content_type": 17, "codename": "change_apcredit"}}, {"model": "auth.permission", "pk": 67, "fields": {"name": "Can delete ap credit", "content_type": 17, "codename": "delete_apcredit"}}, {"model": "auth.permission", "pk": 68, "fields": {"name": "Can view ap credit", "content_type": 17, "codename": "view_apcredit"}}, {"model": "auth.permission", "pk": 69, "fields": {"name": "Can add enrolled", "content_type": 18, "codename": "add_enrolled"}}, {"model": "auth.permission", "pk": 70, "fields": {"name": "Can change enrolled", "content_type": 18, "codename": "change_enrolled"}}, {"model": "auth.permission", "pk": 71, "fields": {"name": "Can delete enrolled", "content_type": 18, "codename": "delete_enrolled"}}, {"model": "auth.permission", "pk": 72, "fields": {"name": "Can view enrolled", "content_type": 18, "codename": "view_enrolled"}}, {"model": "auth.permission", "pk": 73, "fields": {"name": "Can add semester", "content_type": 19, "codename": "add_semester"}}, {"model": "auth.permission", "pk": 74, "fields": {"name": "Can change semester", "content_type": 19, "codename": "change_semester"}}, {"model": "auth.permission", "pk": 75, "fields": {"name": "Can delete semester", "content_type": 19, "codename": "delete_semester"}}, {"model": "auth.permission", "pk": 76, "fields": {"name": "Can view semester", "content_type": 19, "codename": "view_semester"}}, {"model": "auth.permission", "pk": 77, "fields": {"name": "Can add year", "content_type": 20, "codename": "add_year"}}, {"model": "auth.permission", "pk": 78, "fields": {"name": "Can change year", "content_type": 20, "codename": "change_year"}}, {"model": "auth.permission", "pk": 79, "fields": {"name": "Can delete year", "content_type": 20, "codename": "delete_year"}}, {"model": "auth.permission", "pk": 80, "fields": {"name": "Can view year", "content_type": 20, "codename": "view_year"}}, {"model": "auth.permission", "pk": 81, "fields": {"name": "Can add course", "content_type": 21, "codename": "add_course"}}, {"model": "auth.permission", "pk": 82, "fields": {"name": "Can change course", "content_type": 21, "codename": "change_course"}}, {"model": "auth.permission", "pk": 83, "fields": {"name": "Can delete course", "content_type": 21, "codename": "delete_course"}}, {"model": "auth.permission", "pk": 84, "fields": {"name": "Can view course", "content_type": 21, "codename": "view_course"}}, {"model": "auth.permission", "pk": 85, "fields": {"name": "Can add major", "content_type": 22, "codename": "add_major"}}, {"model": "auth.permission", "pk": 86, "fields": {"name": "Can change major", "content_type": 22, "codename": "change_major"}}, {"model": "auth.permission", "pk": 87, "fields": {"name": "Can delete major", "content_type": 22, "codename": "delete_major"}}, {"model": "auth.permission", "pk": 88, "fields": {"name": "Can view major", "content_type": 22, "codename": "view_major"}}, {"model": "auth.permission", "pk": 89, "fields": {"name": "Can add student", "content_type": 23, "codename": "add_student"}}, {"model": "auth.permission", "pk": 90, "fields": {"name": "Can change student", "content_type": 23, "codename": "change_student"}}, {"model": "auth.permission", "pk": 91, "fields": {"name": "Can delete student", "content_type": 23, "codename": "delete_student"}}, {"model": "auth.permission", "pk": 92, "fields": {"name": "Can view student", "content_type": 23, "codename": "view_student"}}, {"model": "auth.user", "pk": 2, "fields": {"password": "pbkdf2_sha256$180000$wjWvxN0DSQye$KqJVTOPfVSsug1xGxAlscHLanQH/vmM117BsiTod6tw=", "last_login": "2020-06-29T01:34:42.383Z", "is_superuser": true, "username": "cgliu", "first_name": "Christopher", "last_name": "Liu", "email": "chrisliu2438@gmail.com", "is_staff": true, "is_active": true, "date_joined": "2020-06-24T16:24:48Z", "groups": [], "user_permissions": []}}, {"model": "auth.user", "pk": 11, "fields": {"password": "pbkdf2_sha256$180000$IxEUQYaav34U$g+g8jcnCUAjbwi4liVKed/AqUyBCJ/hK9JJH2wY9lDE=", "last_login": "2020-06-28T22:20:29.098Z", "is_superuser": false, "username": "jerrysmith", "first_name": "Jerry", "last_name": "Smith", "email": "chrisliu317@gmail.com", "is_staff": false, "is_active": true, "date_joined": "2020-06-28T21:59:53.834Z", "groups": [], "user_permissions": []}}, {"model": "admin.logentry", "pk": 1, "fields": {"action_time": "2020-06-25T04:08:35.656Z", "user": 2, "content_type": 3, "object_id": "2", "object_repr": "GENERAL", "action_flag": 2, "change_message": "[{\"changed\": {\"fields\": [\"Major\"]}}]"}}, {"model": "admin.logentry", "pk": 2, "fields": {"action_time": "2020-06-25T04:20:14.752Z", "user": 2, "content_type": 16, "object_id": "2", "object_repr": "Writing and Related Skills", "action_flag": 1, "change_message": "[{\"added\": {}}]"}}, {"model": "admin.logentry", "pk": 3, "fields": {"action_time": "2020-06-25T04:20:34.573Z", "user": 2, "content_type": 14, "object_id": "1", "object_repr": "n/a", "action_flag": 2, "change_message": "[{\"changed\": {\"fields\": [\"Prereq\"]}}]"}}, {"model": "admin.logentry", "pk": 4, "fields": {"action_time": "2020-06-25T04:21:00.994Z", "user": 2, "content_type": 16, "object_id": "3", "object_repr": "Quantitative and Logical Skills", "action_flag": 1, "change_message": "[{\"added\": {}}]"}}, {"model": "admin.logentry", "pk": 5, "fields": {"action_time": "2020-06-25T04:21:20.733Z", "user": 2, "content_type": 16, "object_id": "4", "object_repr": "Social Sciences", "action_flag": 1, "change_message": "[{\"added\": {}}]"}}, {"model": "admin.logentry", "pk": 6, "fields": {"action_time": "2020-06-25T04:21:47.278Z", "user": 2, "content_type": 16, "object_id": "5", "object_repr": "Arts & Humanities", "action_flag": 1, "change_message": "[{\"added\": {}}]"}}, {"model": "admin.logentry", "pk": 7, "fields": {"action_time": "2020-06-25T04:28:54.980Z", "user": 2, "content_type": 16, "object_id": "1", "object_repr": "Natural Sciences", "action_flag": 2, "change_message": "[{\"changed\": {\"fields\": [\"Note\"]}}]"}}, {"model": "admin.logentry", "pk": 8, "fields": {"action_time": "2020-06-25T04:30:14.857Z", "user": 2, "content_type": 16, "object_id": "6", "object_repr": "Open Option", "action_flag": 1, "change_message": "[{\"added\": {}}]"}}, {"model": "admin.logentry", "pk": 9, "fields": {"action_time": "2020-06-25T04:30:45.595Z", "user": 2, "content_type": 16, "object_id": "7", "object_repr": "Social Diversity", "action_flag": 1, "change_message": "[{\"added\": {}}]"}}, {"model": "admin.logentry", "pk": 10, "fields": {"action_time": "2020-06-25T04:31:14.584Z", "user": 2, "content_type": 16, "object_id": "8", "object_repr": "Global Studies", "action_flag": 1, "change_message": "[{\"added\": {}}]"}}, {"model": "admin.logentry", "pk": 11, "fields": {"action_time": "2020-06-25T04:32:49.197Z", "user": 2, "content_type": 3, "object_id": "2", "object_repr": "EXAMPLE", "action_flag": 2, "change_message": "[{\"changed\": {\"fields\": [\"Major\"]}}]"}}, {"model": "admin.logentry", "pk": 12, "fields": {"action_time": "2020-06-25T04:36:48.361Z", "user": 2, "content_type": 12, "object_id": "2", "object_repr": "Physical Science", "action_flag": 1, "change_message": "[{\"added\": {}}]"}}, {"model": "admin.logentry", "pk": 13, "fields": {"action_time": "2020-06-25T04:37:38.824Z", "user": 2, "content_type": 12, "object_id": "3", "object_repr": "Other Natural Science", "action_flag": 1, "change_message": "[{\"added\": {}}]"}}, {"model": "admin.logentry", "pk": 14, "fields": {"action_time": "2020-06-25T04:38:00.136Z", "user": 2, "content_type": 12, "object_id": "4", "object_repr": "Lab", "action_flag": 1, "change_message": "[{\"added\": {}}]"}}, {"model": "admin.logentry", "pk": 15, "fields": {"action_time": "2020-06-25T04:38:35.822Z", "user": 2, "content_type": 12, "object_id": "5", "object_repr": "English 1110.01 or 1110.02 or 1110.03", "action_flag": 1, "change_message": "[{\"added\": {}}]"}}, {"model": "admin.logentry", "pk": 16, "fields": {"action_time": "2020-06-25T04:39:49.466Z", "user": 2, "content_type": 12, "object_id": "6", "object_repr": "2nd Writing Course (2367)", "action_flag": 1, "change_message": "[{\"added\": {}}]"}}, {"model": "admin.logentry", "pk": 17, "fields": {"action_time": "2020-06-25T04:40:14.706Z", "user": 2, "content_type": 12, "object_id": "7", "object_repr": "Mathematics 1131 or 1151", "action_flag": 1, "change_message": "[{\"added\": {}}]"}}, {"model": "admin.logentry", "pk": 18, "fields": {"action_time": "2020-06-25T04:40:47.582Z", "user": 2, "content_type": 12, "object_id": "8", "object_repr": "Statistics 1430", "action_flag": 1, "change_message": "[{\"added\": {}}]"}}, {"model": "admin.logentry", "pk": 19, "fields": {"action_time": "2020-06-25T04:41:13.463Z", "user": 2, "content_type": 12, "object_id": "9", "object_repr": "CSE 2111", "action_flag": 1, "change_message": "[{\"added\": {}}]"}}, {"model": "admin.logentry", "pk": 20, "fields": {"action_time": "2020-06-25T04:41:49.545Z", "user": 2, "content_type": 12, "object_id": "10", "object_repr": "Economics 2001.01", "action_flag": 1, "change_message": "[{\"added\": {}}]"}}, {"model": "admin.logentry", "pk": 21, "fields": {"action_time": "2020-06-25T04:42:10.438Z", "user": 2, "content_type": 12, "object_id": "11", "object_repr": "Economics 2002.01", "action_flag": 1, "change_message": "[{\"added\": {}}]"}}, {"model": "admin.logentry", "pk": 22, "fields": {"action_time": "2020-06-25T04:43:17.819Z", "user": 2, "content_type": 12, "object_id": "12", "object_repr": "History", "action_flag": 1, "change_message": "[{\"added\": {}}]"}}, {"model": "admin.logentry", "pk": 23, "fields": {"action_time": "2020-06-25T04:43:33.174Z", "user": 2, "content_type": 12, "object_id": "13", "object_repr": "Literature", "action_flag": 1, "change_message": "[{\"added\": {}}]"}}, {"model": "admin.logentry", "pk": 24, "fields": {"action_time": "2020-06-25T04:44:17.233Z", "user": 2, "content_type": 12, "object_id": "14", "object_repr": "Visual & Performing Arts", "action_flag": 1, "change_message": "[{\"added\": {}}]"}}, {"model": "admin.logentry", "pk": 25, "fields": {"action_time": "2020-06-25T04:45:30.208Z", "user": 2, "content_type": 12, "object_id": "15", "object_repr": "Cultures & Ideas or History or Foreign Language 1102.01", "action_flag": 1, "change_message": "[{\"added\": {}}]"}}, {"model": "admin.logentry", "pk": 26, "fields": {"action_time": "2020-06-25T04:47:34.312Z", "user": 2, "content_type": 12, "object_id": "16", "object_repr": "Open Option", "action_flag": 1, "change_message": "[{\"added\": {}}]"}}, {"model": "admin.logentry", "pk": 27, "fields": {"action_time": "2020-06-25T04:48:18.156Z", "user": 2, "content_type": 12, "object_id": "17", "object_repr": "Social Diversity", "action_flag": 1, "change_message": "[{\"added\": {}}]"}}, {"model": "admin.logentry", "pk": 28, "fields": {"action_time": "2020-06-25T04:48:41.825Z", "user": 2, "content_type": 12, "object_id": "18", "object_repr": "Global Studies", "action_flag": 1, "change_message": "[{\"added\": {}}]"}}, {"model": "admin.logentry", "pk": 29, "fields": {"action_time": "2020-06-25T04:49:20.688Z", "user": 2, "content_type": 12, "object_id": "18", "object_repr": "Global Studies", "action_flag": 2, "change_message": "[{\"changed\": {\"fields\": [\"Credit\"]}}]"}}, {"model": "admin.logentry", "pk": 30, "fields": {"action_time": "2020-06-25T04:49:25.602Z", "user": 2, "content_type": 12, "object_id": "17", "object_repr": "Social Diversity", "action_flag": 2, "change_message": "[{\"changed\": {\"fields\": [\"Credit\"]}}]"}}, {"model": "admin.logentry", "pk": 31, "fields": {"action_time": "2020-06-25T04:56:12.620Z", "user": 2, "content_type": 13, "object_id": "2", "object_repr": "CSE 2111", "action_flag": 1, "change_message": "[{\"added\": {}}]"}}, {"model": "admin.logentry", "pk": 32, "fields": {"action_time": "2020-06-25T04:59:52.871Z", "user": 2, "content_type": 13, "object_id": "3", "object_repr": "Statistics 1430", "action_flag": 1, "change_message": "[{\"added\": {}}]"}}, {"model": "admin.logentry", "pk": 33, "fields": {"action_time": "2020-06-25T05:01:22.692Z", "user": 2, "content_type": 13, "object_id": "4", "object_repr": "Mathematics 1131", "action_flag": 1, "change_message": "[{\"added\": {}}]"}}, {"model": "admin.logentry", "pk": 34, "fields": {"action_time": "2020-06-25T05:02:39.545Z", "user": 2, "content_type": 13, "object_id": "5", "object_repr": "Mathematics 1151", "action_flag": 1, "change_message": "[{\"added\": {}}]"}}, {"model": "admin.logentry", "pk": 35, "fields": {"action_time": "2020-06-25T05:03:16.954Z", "user": 2, "content_type": 13, "object_id": "6", "object_repr": "English 1110.01", "action_flag": 1, "change_message": "[{\"added\": {}}]"}}, {"model": "admin.logentry", "pk": 36, "fields": {"action_time": "2020-06-25T05:03:41.237Z", "user": 2, "content_type": 13, "object_id": "7", "object_repr": "English 1110.02", "action_flag": 1, "change_message": "[{\"added\": {}}]"}}, {"model": "admin.logentry", "pk": 37, "fields": {"action_time": "2020-06-25T05:04:03.722Z", "user": 2, "content_type": 13, "object_id": "8", "object_repr": "English 1110.03", "action_flag": 1, "change_message": "[{\"added\": {}}]"}}, {"model": "admin.logentry", "pk": 38, "fields": {"action_time": "2020-06-25T05:05:17.772Z", "user": 2, "content_type": 13, "object_id": "9", "object_repr": "Economics 2001.01", "action_flag": 1, "change_message": "[{\"added\": {}}]"}}, {"model": "admin.logentry", "pk": 39, "fields": {"action_time": "2020-06-25T05:05:47.953Z", "user": 2, "content_type": 13, "object_id": "10", "object_repr": "Economics 2002.01", "action_flag": 1, "change_message": "[{\"added\": {}}]"}}, {"model": "admin.logentry", "pk": 40, "fields": {"action_time": "2020-06-25T05:07:43.390Z", "user": 2, "content_type": 13, "object_id": "10", "object_repr": "Economics 2002.01", "action_flag": 2, "change_message": "[{\"added\": {\"name\": \"prereq-course relationship\", \"object\": \"Prereq_courses object (2)\"}}]"}}, {"model": "admin.logentry", "pk": 41, "fields": {"action_time": "2020-06-25T05:08:10.639Z", "user": 2, "content_type": 14, "object_id": "1", "object_repr": "n/a", "action_flag": 2, "change_message": "[{\"changed\": {\"fields\": [\"Courses\"]}}]"}}, {"model": "admin.logentry", "pk": 42, "fields": {"action_time": "2020-06-25T05:08:26.402Z", "user": 2, "content_type": 14, "object_id": "1", "object_repr": "n/a", "action_flag": 2, "change_message": "[]"}}, {"model": "admin.logentry", "pk": 43, "fields": {"action_time": "2020-06-25T05:17:28.191Z", "user": 2, "content_type": 9, "object_id": "2", "object_repr": "cgliu", "action_flag": 2, "change_message": "[{\"changed\": {\"fields\": [\"First name\", \"Last name\"]}}]"}}, {"model": "admin.logentry", "pk": 44, "fields": {"action_time": "2020-06-25T05:31:31.969Z", "user": 2, "content_type": 13, "object_id": "1", "object_repr": "Biology 1101", "action_flag": 2, "change_message": "[{\"changed\": {\"fields\": [\"Credit\"]}}]"}}, {"model": "admin.logentry", "pk": 45, "fields": {"action_time": "2020-06-25T18:28:12.924Z", "user": 2, "content_type": 17, "object_id": "1", "object_repr": "Microeconomics:3", "action_flag": 1, "change_message": "[{\"added\": {}}]"}}, {"model": "admin.logentry", "pk": 46, "fields": {"action_time": "2020-06-25T18:37:14.972Z", "user": 2, "content_type": 17, "object_id": "1", "object_repr": "Microeconomics:3-5", "action_flag": 2, "change_message": "[{\"changed\": {\"fields\": [\"Scoremax\"]}}]"}}, {"model": "admin.logentry", "pk": 47, "fields": {"action_time": "2020-06-25T19:08:17.071Z", "user": 2, "content_type": 17, "object_id": "2", "object_repr": "Art History:3-3", "action_flag": 1, "change_message": "new through import_export"}}, {"model": "admin.logentry", "pk": 48, "fields": {"action_time": "2020-06-25T19:08:17.073Z", "user": 2, "content_type": 17, "object_id": "3", "object_repr": "Biology:3-3", "action_flag": 1, "change_message": "new through import_export"}}, {"model": "admin.logentry", "pk": 49, "fields": {"action_time": "2020-06-25T19:08:17.074Z", "user": 2, "content_type": 17, "object_id": "4", "object_repr": "Biology:3-3", "action_flag": 1, "change_message": "new through import_export"}}, {"model": "admin.logentry", "pk": 50, "fields": {"action_time": "2020-06-25T19:08:17.076Z", "user": 2, "content_type": 17, "object_id": "5", "object_repr": "Biology:3-3", "action_flag": 1, "change_message": "new through import_export"}}, {"model": "admin.logentry", "pk": 51, "fields": {"action_time": "2020-06-25T19:08:17.078Z", "user": 2, "content_type": 17, "object_id": "6", "object_repr": "Biology:3-3", "action_flag": 1, "change_message": "new through import_export"}}, {"model": "admin.logentry", "pk": 52, "fields": {"action_time": "2020-06-25T19:08:17.080Z", "user": 2, "content_type": 17, "object_id": "7", "object_repr": "Calculus AB:3-3", "action_flag": 1, "change_message": "new through import_export"}}, {"model": "admin.logentry", "pk": 53, "fields": {"action_time": "2020-06-25T19:08:17.082Z", "user": 2, "content_type": 17, "object_id": "8", "object_repr": "Calculus BC:3-3", "action_flag": 1, "change_message": "new through import_export"}}, {"model": "admin.logentry", "pk": 54, "fields": {"action_time": "2020-06-25T19:08:17.084Z", "user": 2, "content_type": 17, "object_id": "9", "object_repr": "Calculus BC:3-3", "action_flag": 1, "change_message": "new through import_export"}}, {"model": "admin.logentry", "pk": 55, "fields": {"action_time": "2020-06-25T19:08:17.086Z", "user": 2, "content_type": 17, "object_id": "10", "object_repr": "Chemistry:3-3", "action_flag": 1, "change_message": "new through import_export"}}, {"model": "admin.logentry", "pk": 56, "fields": {"action_time": "2020-06-25T19:08:17.088Z", "user": 2, "content_type": 17, "object_id": "11", "object_repr": "Chemistry:3-3", "action_flag": 1, "change_message": "new through import_export"}}, {"model": "admin.logentry", "pk": 57, "fields": {"action_time": "2020-06-25T19:08:17.090Z", "user": 2, "content_type": 17, "object_id": "12", "object_repr": "Computer Science A:3-3", "action_flag": 1, "change_message": "new through import_export"}}, {"model": "admin.logentry", "pk": 58, "fields": {"action_time": "2020-06-25T19:08:17.092Z", "user": 2, "content_type": 17, "object_id": "13", "object_repr": "Computer Science A:3-3", "action_flag": 1, "change_message": "new through import_export"}}, {"model": "admin.logentry", "pk": 59, "fields": {"action_time": "2020-06-25T19:08:17.094Z", "user": 2, "content_type": 17, "object_id": "14", "object_repr": "Computer Science A:3-3", "action_flag": 1, "change_message": "new through import_export"}}, {"model": "admin.logentry", "pk": 60, "fields": {"action_time": "2020-06-25T19:08:17.096Z", "user": 2, "content_type": 17, "object_id": "15", "object_repr": "Computer Science Principles:3-3", "action_flag": 1, "change_message": "new through import_export"}}, {"model": "admin.logentry", "pk": 61, "fields": {"action_time": "2020-06-25T19:08:17.098Z", "user": 2, "content_type": 17, "object_id": "16", "object_repr": "Microeconomics:3-3", "action_flag": 1, "change_message": "new through import_export"}}, {"model": "admin.logentry", "pk": 62, "fields": {"action_time": "2020-06-25T19:08:17.100Z", "user": 2, "content_type": 17, "object_id": "17", "object_repr": "Macroeconomics:3-3", "action_flag": 1, "change_message": "new through import_export"}}, {"model": "admin.logentry", "pk": 63, "fields": {"action_time": "2020-06-25T19:08:17.103Z", "user": 2, "content_type": 17, "object_id": "18", "object_repr": "English Language & Composition:3-3", "action_flag": 1, "change_message": "new through import_export"}}, {"model": "admin.logentry", "pk": 64, "fields": {"action_time": "2020-06-25T19:08:17.105Z", "user": 2, "content_type": 17, "object_id": "19", "object_repr": "English Literature & Composition:3-3", "action_flag": 1, "change_message": "new through import_export"}}, {"model": "admin.logentry", "pk": 65, "fields": {"action_time": "2020-06-25T19:08:17.107Z", "user": 2, "content_type": 17, "object_id": "20", "object_repr": "Environmental Science:3-3", "action_flag": 1, "change_message": "new through import_export"}}, {"model": "admin.logentry", "pk": 66, "fields": {"action_time": "2020-06-25T19:08:17.108Z", "user": 2, "content_type": 17, "object_id": "21", "object_repr": "Gov. & Politics: US:3-3", "action_flag": 1, "change_message": "new through import_export"}}, {"model": "admin.logentry", "pk": 67, "fields": {"action_time": "2020-06-25T19:08:17.110Z", "user": 2, "content_type": 17, "object_id": "22", "object_repr": "Gov. & Politics: Comparative:3-3", "action_flag": 1, "change_message": "new through import_export"}}, {"model": "admin.logentry", "pk": 68, "fields": {"action_time": "2020-06-25T19:08:17.112Z", "user": 2, "content_type": 17, "object_id": "23", "object_repr": "History: European:3-3", "action_flag": 1, "change_message": "new through import_export"}}, {"model": "admin.logentry", "pk": 69, "fields": {"action_time": "2020-06-25T19:08:17.114Z", "user": 2, "content_type": 17, "object_id": "24", "object_repr": "History: US:3-3", "action_flag": 1, "change_message": "new through import_export"}}, {"model": "admin.logentry", "pk": 70, "fields": {"action_time": "2020-06-25T19:08:17.116Z", "user": 2, "content_type": 17, "object_id": "25", "object_repr": "History: US:3-3", "action_flag": 1, "change_message": "new through import_export"}}, {"model": "admin.logentry", "pk": 71, "fields": {"action_time": "2020-06-25T19:08:17.118Z", "user": 2, "content_type": 17, "object_id": "26", "object_repr": "History: World:3-3", "action_flag": 1, "change_message": "new through import_export"}}, {"model": "admin.logentry", "pk": 72, "fields": {"action_time": "2020-06-25T19:08:17.120Z", "user": 2, "content_type": 17, "object_id": "27", "object_repr": "History: World:3-3", "action_flag": 1, "change_message": "new through import_export"}}, {"model": "admin.logentry", "pk": 73, "fields": {"action_time": "2020-06-25T19:08:17.121Z", "user": 2, "content_type": 17, "object_id": "28", "object_repr": "Human Geography:3-3", "action_flag": 1, "change_message": "new through import_export"}}, {"model": "admin.logentry", "pk": 74, "fields": {"action_time": "2020-06-25T19:08:17.123Z", "user": 2, "content_type": 17, "object_id": "29", "object_repr": "Music Theory:3-3", "action_flag": 1, "change_message": "new through import_export"}}, {"model": "admin.logentry", "pk": 75, "fields": {"action_time": "2020-06-25T19:08:17.125Z", "user": 2, "content_type": 17, "object_id": "30", "object_repr": "Music Theory:3-3", "action_flag": 1, "change_message": "new through import_export"}}, {"model": "admin.logentry", "pk": 76, "fields": {"action_time": "2020-06-25T19:08:17.126Z", "user": 2, "content_type": 17, "object_id": "31", "object_repr": "Music Theory:3-3", "action_flag": 1, "change_message": "new through import_export"}}, {"model": "admin.logentry", "pk": 77, "fields": {"action_time": "2020-06-25T19:08:17.128Z", "user": 2, "content_type": 17, "object_id": "32", "object_repr": "Physics 1:3-3", "action_flag": 1, "change_message": "new through import_export"}}, {"model": "admin.logentry", "pk": 78, "fields": {"action_time": "2020-06-25T19:08:17.130Z", "user": 2, "content_type": 17, "object_id": "33", "object_repr": "Physics 2:3-3", "action_flag": 1, "change_message": "new through import_export"}}, {"model": "admin.logentry", "pk": 79, "fields": {"action_time": "2020-06-25T19:08:17.132Z", "user": 2, "content_type": 17, "object_id": "34", "object_repr": "Physics C: Electricity & Magnets:3-3", "action_flag": 1, "change_message": "new through import_export"}}, {"model": "admin.logentry", "pk": 80, "fields": {"action_time": "2020-06-25T19:08:17.134Z", "user": 2, "content_type": 17, "object_id": "35", "object_repr": "Physics C: Mechanics:3-3", "action_flag": 1, "change_message": "new through import_export"}}, {"model": "admin.logentry", "pk": 81, "fields": {"action_time": "2020-06-25T19:08:17.136Z", "user": 2, "content_type": 17, "object_id": "36", "object_repr": "Psychology:3-3", "action_flag": 1, "change_message": "new through import_export"}}, {"model": "admin.logentry", "pk": 82, "fields": {"action_time": "2020-06-25T19:08:17.138Z", "user": 2, "content_type": 17, "object_id": "37", "object_repr": "Statistics:3-3", "action_flag": 1, "change_message": "new through import_export"}}, {"model": "admin.logentry", "pk": 83, "fields": {"action_time": "2020-06-25T19:08:17.140Z", "user": 2, "content_type": 17, "object_id": "38", "object_repr": "Statistics:3-3", "action_flag": 1, "change_message": "new through import_export"}}, {"model": "admin.logentry", "pk": 84, "fields": {"action_time": "2020-06-25T19:08:17.141Z", "user": 2, "content_type": 17, "object_id": "39", "object_repr": "Studio Art: 2D Design:3-3", "action_flag": 1, "change_message": "new through import_export"}}, {"model": "admin.logentry", "pk": 85, "fields": {"action_time": "2020-06-25T19:08:17.143Z", "user": 2, "content_type": 17, "object_id": "40", "object_repr": "Studio Art: 3D Design:3-3", "action_flag": 1, "change_message": "new through import_export"}}, {"model": "admin.logentry", "pk": 86, "fields": {"action_time": "2020-06-25T19:08:17.145Z", "user": 2, "content_type": 17, "object_id": "41", "object_repr": "Studio Art: Drawing:3-3", "action_flag": 1, "change_message": "new through import_export"}}, {"model": "admin.logentry", "pk": 87, "fields": {"action_time": "2020-06-25T19:08:58.669Z", "user": 2, "content_type": 17, "object_id": "41", "object_repr": "Studio Art: Drawing:3-3", "action_flag": 3, "change_message": ""}}, {"model": "admin.logentry", "pk": 88, "fields": {"action_time": "2020-06-25T19:08:58.673Z", "user": 2, "content_type": 17, "object_id": "40", "object_repr": "Studio Art: 3D Design:3-3", "action_flag": 3, "change_message": ""}}, {"model": "admin.logentry", "pk": 89, "fields": {"action_time": "2020-06-25T19:08:58.675Z", "user": 2, "content_type": 17, "object_id": "39", "object_repr": "Studio Art: 2D Design:3-3", "action_flag": 3, "change_message": ""}}, {"model": "admin.logentry", "pk": 90, "fields": {"action_time": "2020-06-25T19:08:58.677Z", "user": 2, "content_type": 17, "object_id": "38", "object_repr": "Statistics:3-3", "action_flag": 3, "change_message": ""}}, {"model": "admin.logentry", "pk": 91, "fields": {"action_time": "2020-06-25T19:08:58.678Z", "user": 2, "content_type": 17, "object_id": "37", "object_repr": "Statistics:3-3", "action_flag": 3, "change_message": ""}}, {"model": "admin.logentry", "pk": 92, "fields": {"action_time": "2020-06-25T19:08:58.680Z", "user": 2, "content_type": 17, "object_id": "36", "object_repr": "Psychology:3-3", "action_flag": 3, "change_message": ""}}, {"model": "admin.logentry", "pk": 93, "fields": {"action_time": "2020-06-25T19:08:58.682Z", "user": 2, "content_type": 17, "object_id": "35", "object_repr": "Physics C: Mechanics:3-3", "action_flag": 3, "change_message": ""}}, {"model": "admin.logentry", "pk": 94, "fields": {"action_time": "2020-06-25T19:08:58.684Z", "user": 2, "content_type": 17, "object_id": "34", "object_repr": "Physics C: Electricity & Magnets:3-3", "action_flag": 3, "change_message": ""}}, {"model": "admin.logentry", "pk": 95, "fields": {"action_time": "2020-06-25T19:08:58.686Z", "user": 2, "content_type": 17, "object_id": "33", "object_repr": "Physics 2:3-3", "action_flag": 3, "change_message": ""}}, {"model": "admin.logentry", "pk": 96, "fields": {"action_time": "2020-06-25T19:08:58.688Z", "user": 2, "content_type": 17, "object_id": "32", "object_repr": "Physics 1:3-3", "action_flag": 3, "change_message": ""}}, {"model": "admin.logentry", "pk": 97, "fields": {"action_time": "2020-06-25T19:08:58.690Z", "user": 2, "content_type": 17, "object_id": "31", "object_repr": "Music Theory:3-3", "action_flag": 3, "change_message": ""}}, {"model": "admin.logentry", "pk": 98, "fields": {"action_time": "2020-06-25T19:08:58.692Z", "user": 2, "content_type": 17, "object_id": "30", "object_repr": "Music Theory:3-3", "action_flag": 3, "change_message": ""}}, {"model": "admin.logentry", "pk": 99, "fields": {"action_time": "2020-06-25T19:08:58.693Z", "user": 2, "content_type": 17, "object_id": "29", "object_repr": "Music Theory:3-3", "action_flag": 3, "change_message": ""}}, {"model": "admin.logentry", "pk": 100, "fields": {"action_time": "2020-06-25T19:08:58.696Z", "user": 2, "content_type": 17, "object_id": "28", "object_repr": "Human Geography:3-3", "action_flag": 3, "change_message": ""}}, {"model": "admin.logentry", "pk": 101, "fields": {"action_time": "2020-06-25T19:08:58.698Z", "user": 2, "content_type": 17, "object_id": "27", "object_repr": "History: World:3-3", "action_flag": 3, "change_message": ""}}, {"model": "admin.logentry", "pk": 102, "fields": {"action_time": "2020-06-25T19:08:58.700Z", "user": 2, "content_type": 17, "object_id": "26", "object_repr": "History: World:3-3", "action_flag": 3, "change_message": ""}}, {"model": "admin.logentry", "pk": 103, "fields": {"action_time": "2020-06-25T19:08:58.702Z", "user": 2, "content_type": 17, "object_id": "25", "object_repr": "History: US:3-3", "action_flag": 3, "change_message": ""}}, {"model": "admin.logentry", "pk": 104, "fields": {"action_time": "2020-06-25T19:08:58.704Z", "user": 2, "content_type": 17, "object_id": "24", "object_repr": "History: US:3-3", "action_flag": 3, "change_message": ""}}, {"model": "admin.logentry", "pk": 105, "fields": {"action_time": "2020-06-25T19:08:58.706Z", "user": 2, "content_type": 17, "object_id": "23", "object_repr": "History: European:3-3", "action_flag": 3, "change_message": ""}}, {"model": "admin.logentry", "pk": 106, "fields": {"action_time": "2020-06-25T19:08:58.709Z", "user": 2, "content_type": 17, "object_id": "22", "object_repr": "Gov. & Politics: Comparative:3-3", "action_flag": 3, "change_message": ""}}, {"model": "admin.logentry", "pk": 107, "fields": {"action_time": "2020-06-25T19:08:58.711Z", "user": 2, "content_type": 17, "object_id": "21", "object_repr": "Gov. & Politics: US:3-3", "action_flag": 3, "change_message": ""}}, {"model": "admin.logentry", "pk": 108, "fields": {"action_time": "2020-06-25T19:08:58.713Z", "user": 2, "content_type": 17, "object_id": "20", "object_repr": "Environmental Science:3-3", "action_flag": 3, "change_message": ""}}, {"model": "admin.logentry", "pk": 109, "fields": {"action_time": "2020-06-25T19:08:58.715Z", "user": 2, "content_type": 17, "object_id": "19", "object_repr": "English Literature & Composition:3-3", "action_flag": 3, "change_message": ""}}, {"model": "admin.logentry", "pk": 110, "fields": {"action_time": "2020-06-25T19:08:58.716Z", "user": 2, "content_type": 17, "object_id": "18", "object_repr": "English Language & Composition:3-3", "action_flag": 3, "change_message": ""}}, {"model": "admin.logentry", "pk": 111, "fields": {"action_time": "2020-06-25T19:08:58.718Z", "user": 2, "content_type": 17, "object_id": "17", "object_repr": "Macroeconomics:3-3", "action_flag": 3, "change_message": ""}}, {"model": "admin.logentry", "pk": 112, "fields": {"action_time": "2020-06-25T19:08:58.720Z", "user": 2, "content_type": 17, "object_id": "16", "object_repr": "Microeconomics:3-3", "action_flag": 3, "change_message": ""}}, {"model": "admin.logentry", "pk": 113, "fields": {"action_time": "2020-06-25T19:08:58.722Z", "user": 2, "content_type": 17, "object_id": "15", "object_repr": "Computer Science Principles:3-3", "action_flag": 3, "change_message": ""}}, {"model": "admin.logentry", "pk": 114, "fields": {"action_time": "2020-06-25T19:08:58.724Z", "user": 2, "content_type": 17, "object_id": "14", "object_repr": "Computer Science A:3-3", "action_flag": 3, "change_message": ""}}, {"model": "admin.logentry", "pk": 115, "fields": {"action_time": "2020-06-25T19:08:58.726Z", "user": 2, "content_type": 17, "object_id": "13", "object_repr": "Computer Science A:3-3", "action_flag": 3, "change_message": ""}}, {"model": "admin.logentry", "pk": 116, "fields": {"action_time": "2020-06-25T19:08:58.728Z", "user": 2, "content_type": 17, "object_id": "12", "object_repr": "Computer Science A:3-3", "action_flag": 3, "change_message": ""}}, {"model": "admin.logentry", "pk": 117, "fields": {"action_time": "2020-06-25T19:08:58.730Z", "user": 2, "content_type": 17, "object_id": "11", "object_repr": "Chemistry:3-3", "action_flag": 3, "change_message": ""}}, {"model": "admin.logentry", "pk": 118, "fields": {"action_time": "2020-06-25T19:08:58.732Z", "user": 2, "content_type": 17, "object_id": "10", "object_repr": "Chemistry:3-3", "action_flag": 3, "change_message": ""}}, {"model": "admin.logentry", "pk": 119, "fields": {"action_time": "2020-06-25T19:08:58.734Z", "user": 2, "content_type": 17, "object_id": "9", "object_repr": "Calculus BC:3-3", "action_flag": 3, "change_message": ""}}, {"model": "admin.logentry", "pk": 120, "fields": {"action_time": "2020-06-25T19:08:58.735Z", "user": 2, "content_type": 17, "object_id": "8", "object_repr": "Calculus BC:3-3", "action_flag": 3, "change_message": ""}}, {"model": "admin.logentry", "pk": 121, "fields": {"action_time": "2020-06-25T19:08:58.737Z", "user": 2, "content_type": 17, "object_id": "7", "object_repr": "Calculus AB:3-3", "action_flag": 3, "change_message": ""}}, {"model": "admin.logentry", "pk": 122, "fields": {"action_time": "2020-06-25T19:08:58.739Z", "user": 2, "content_type": 17, "object_id": "6", "object_repr": "Biology:3-3", "action_flag": 3, "change_message": ""}}, {"model": "admin.logentry", "pk": 123, "fields": {"action_time": "2020-06-25T19:08:58.741Z", "user": 2, "content_type": 17, "object_id": "5", "object_repr": "Biology:3-3", "action_flag": 3, "change_message": ""}}, {"model": "admin.logentry", "pk": 124, "fields": {"action_time": "2020-06-25T19:08:58.743Z", "user": 2, "content_type": 17, "object_id": "4", "object_repr": "Biology:3-3", "action_flag": 3, "change_message": ""}}, {"model": "admin.logentry", "pk": 125, "fields": {"action_time": "2020-06-25T19:08:58.745Z", "user": 2, "content_type": 17, "object_id": "3", "object_repr": "Biology:3-3", "action_flag": 3, "change_message": ""}}, {"model": "admin.logentry", "pk": 126, "fields": {"action_time": "2020-06-25T19:08:58.747Z", "user": 2, "content_type": 17, "object_id": "2", "object_repr": "Art History:3-3", "action_flag": 3, "change_message": ""}}, {"model": "admin.logentry", "pk": 127, "fields": {"action_time": "2020-06-25T19:43:41.409Z", "user": 2, "content_type": 13, "object_id": "11", "object_repr": "History 2002", "action_flag": 1, "change_message": "new through import_export"}}, {"model": "admin.logentry", "pk": 128, "fields": {"action_time": "2020-06-25T19:43:41.412Z", "user": 2, "content_type": 13, "object_id": "12", "object_repr": "Biology 1101", "action_flag": 1, "change_message": "new through import_export"}}, {"model": "admin.logentry", "pk": 129, "fields": {"action_time": "2020-06-25T19:43:41.414Z", "user": 2, "content_type": 13, "object_id": "13", "object_repr": "Biology 1113", "action_flag": 1, "change_message": "new through import_export"}}, {"model": "admin.logentry", "pk": 130, "fields": {"action_time": "2020-06-25T19:43:41.415Z", "user": 2, "content_type": 13, "object_id": "14", "object_repr": "Biology 1114", "action_flag": 1, "change_message": "new through import_export"}}, {"model": "admin.logentry", "pk": 131, "fields": {"action_time": "2020-06-25T19:43:41.417Z", "user": 2, "content_type": 13, "object_id": "15", "object_repr": "Math 1151", "action_flag": 1, "change_message": "new through import_export"}}, {"model": "admin.logentry", "pk": 132, "fields": {"action_time": "2020-06-25T19:43:41.419Z", "user": 2, "content_type": 13, "object_id": "16", "object_repr": "Math 1152", "action_flag": 1, "change_message": "new through import_export"}}, {"model": "admin.logentry", "pk": 133, "fields": {"action_time": "2020-06-25T19:43:41.420Z", "user": 2, "content_type": 13, "object_id": "17", "object_repr": "CHEM 1110", "action_flag": 1, "change_message": "new through import_export"}}, {"model": "admin.logentry", "pk": 134, "fields": {"action_time": "2020-06-25T19:43:41.422Z", "user": 2, "content_type": 13, "object_id": "18", "object_repr": "CHEM 1210", "action_flag": 1, "change_message": "new through import_export"}}, {"model": "admin.logentry", "pk": 135, "fields": {"action_time": "2020-06-25T19:43:41.425Z", "user": 2, "content_type": 13, "object_id": "19", "object_repr": "CSE 1223", "action_flag": 1, "change_message": "new through import_export"}}, {"model": "admin.logentry", "pk": 136, "fields": {"action_time": "2020-06-25T19:43:41.427Z", "user": 2, "content_type": 13, "object_id": "20", "object_repr": "CSE 2123", "action_flag": 1, "change_message": "new through import_export"}}, {"model": "admin.logentry", "pk": 137, "fields": {"action_time": "2020-06-25T19:43:41.428Z", "user": 2, "content_type": 13, "object_id": "21", "object_repr": "CSE 1211", "action_flag": 1, "change_message": "new through import_export"}}, {"model": "admin.logentry", "pk": 138, "fields": {"action_time": "2020-06-25T19:43:41.431Z", "user": 2, "content_type": 13, "object_id": "22", "object_repr": "ECON 2001.01", "action_flag": 1, "change_message": "new through import_export"}}, {"model": "admin.logentry", "pk": 139, "fields": {"action_time": "2020-06-25T19:43:41.433Z", "user": 2, "content_type": 13, "object_id": "23", "object_repr": "ECON 2002.01", "action_flag": 1, "change_message": "new through import_export"}}, {"model": "admin.logentry", "pk": 140, "fields": {"action_time": "2020-06-25T19:43:41.434Z", "user": 2, "content_type": 13, "object_id": "24", "object_repr": "English 1110.01", "action_flag": 1, "change_message": "new through import_export"}}, {"model": "admin.logentry", "pk": 141, "fields": {"action_time": "2020-06-25T19:43:41.436Z", "user": 2, "content_type": 13, "object_id": "25", "object_repr": "English 1110.02", "action_flag": 1, "change_message": "new through import_export"}}, {"model": "admin.logentry", "pk": 142, "fields": {"action_time": "2020-06-25T19:43:41.438Z", "user": 2, "content_type": 13, "object_id": "26", "object_repr": "ENR 2100", "action_flag": 1, "change_message": "new through import_export"}}, {"model": "admin.logentry", "pk": 143, "fields": {"action_time": "2020-06-25T19:43:41.440Z", "user": 2, "content_type": 13, "object_id": "27", "object_repr": "POLITSC 1100", "action_flag": 1, "change_message": "new through import_export"}}, {"model": "admin.logentry", "pk": 144, "fields": {"action_time": "2020-06-25T19:43:41.442Z", "user": 2, "content_type": 13, "object_id": "28", "object_repr": "POLITSC 1200", "action_flag": 1, "change_message": "new through import_export"}}, {"model": "admin.logentry", "pk": 145, "fields": {"action_time": "2020-06-25T19:43:41.444Z", "user": 2, "content_type": 13, "object_id": "29", "object_repr": "History 1212", "action_flag": 1, "change_message": "new through import_export"}}, {"model": "admin.logentry", "pk": 146, "fields": {"action_time": "2020-06-25T19:43:41.446Z", "user": 2, "content_type": 13, "object_id": "30", "object_repr": "History 1151", "action_flag": 1, "change_message": "new through import_export"}}, {"model": "admin.logentry", "pk": 147, "fields": {"action_time": "2020-06-25T19:43:41.447Z", "user": 2, "content_type": 13, "object_id": "31", "object_repr": "History 1152", "action_flag": 1, "change_message": "new through import_export"}}, {"model": "admin.logentry", "pk": 148, "fields": {"action_time": "2020-06-25T19:43:41.449Z", "user": 2, "content_type": 13, "object_id": "32", "object_repr": "History 1681", "action_flag": 1, "change_message": "new through import_export"}}, {"model": "admin.logentry", "pk": 149, "fields": {"action_time": "2020-06-25T19:43:41.451Z", "user": 2, "content_type": 13, "object_id": "33", "object_repr": "History 1682", "action_flag": 1, "change_message": "new through import_export"}}, {"model": "admin.logentry", "pk": 150, "fields": {"action_time": "2020-06-25T19:43:41.453Z", "user": 2, "content_type": 13, "object_id": "34", "object_repr": "Geography 2400", "action_flag": 1, "change_message": "new through import_export"}}, {"model": "admin.logentry", "pk": 151, "fields": {"action_time": "2020-06-25T19:43:41.455Z", "user": 2, "content_type": 13, "object_id": "35", "object_repr": "Music 1121", "action_flag": 1, "change_message": "new through import_export"}}, {"model": "admin.logentry", "pk": 152, "fields": {"action_time": "2020-06-25T19:43:41.457Z", "user": 2, "content_type": 13, "object_id": "36", "object_repr": "Music 2221", "action_flag": 1, "change_message": "new through import_export"}}, {"model": "admin.logentry", "pk": 153, "fields": {"action_time": "2020-06-25T19:43:41.459Z", "user": 2, "content_type": 13, "object_id": "37", "object_repr": "Music 2224", "action_flag": 1, "change_message": "new through import_export"}}, {"model": "admin.logentry", "pk": 154, "fields": {"action_time": "2020-06-25T19:43:41.461Z", "user": 2, "content_type": 13, "object_id": "38", "object_repr": "PHYSICS 1200", "action_flag": 1, "change_message": "new through import_export"}}, {"model": "admin.logentry", "pk": 155, "fields": {"action_time": "2020-06-25T19:43:41.463Z", "user": 2, "content_type": 13, "object_id": "39", "object_repr": "PHYSICS 1201", "action_flag": 1, "change_message": "new through import_export"}}, {"model": "admin.logentry", "pk": 156, "fields": {"action_time": "2020-06-25T19:43:41.464Z", "user": 2, "content_type": 13, "object_id": "40", "object_repr": "PHYSICS 1251", "action_flag": 1, "change_message": "new through import_export"}}, {"model": "admin.logentry", "pk": 157, "fields": {"action_time": "2020-06-25T19:43:41.466Z", "user": 2, "content_type": 13, "object_id": "41", "object_repr": "PHYSICS 1250", "action_flag": 1, "change_message": "new through import_export"}}, {"model": "admin.logentry", "pk": 158, "fields": {"action_time": "2020-06-25T19:43:41.467Z", "user": 2, "content_type": 13, "object_id": "42", "object_repr": "Psych 1100", "action_flag": 1, "change_message": "new through import_export"}}, {"model": "admin.logentry", "pk": 159, "fields": {"action_time": "2020-06-25T19:43:41.469Z", "user": 2, "content_type": 13, "object_id": "43", "object_repr": "STAT 1450", "action_flag": 1, "change_message": "new through import_export"}}, {"model": "admin.logentry", "pk": 160, "fields": {"action_time": "2020-06-25T19:43:41.471Z", "user": 2, "content_type": 13, "object_id": "44", "object_repr": "STAT 2450", "action_flag": 1, "change_message": "new through import_export"}}, {"model": "admin.logentry", "pk": 161, "fields": {"action_time": "2020-06-25T19:43:41.473Z", "user": 2, "content_type": 13, "object_id": "45", "object_repr": "ART 2300", "action_flag": 1, "change_message": "new through import_export"}}, {"model": "admin.logentry", "pk": 162, "fields": {"action_time": "2020-06-25T19:43:41.475Z", "user": 2, "content_type": 13, "object_id": "46", "object_repr": "ART 2400", "action_flag": 1, "change_message": "new through import_export"}}, {"model": "admin.logentry", "pk": 163, "fields": {"action_time": "2020-06-25T19:44:34.988Z", "user": 2, "content_type": 13, "object_id": "10", "object_repr": "ECON 2002.01", "action_flag": 2, "change_message": "[{\"changed\": {\"fields\": [\"Course\", \"Credit\"]}}]"}}, {"model": "admin.logentry", "pk": 164, "fields": {"action_time": "2020-06-25T19:44:53.541Z", "user": 2, "content_type": 13, "object_id": "9", "object_repr": "ECON 2001.01", "action_flag": 2, "change_message": "[{\"changed\": {\"fields\": [\"Course\", \"Credit\"]}}]"}}, {"model": "admin.logentry", "pk": 165, "fields": {"action_time": "2020-06-25T19:45:15.391Z", "user": 2, "content_type": 13, "object_id": "23", "object_repr": "ECON 2002.01", "action_flag": 3, "change_message": ""}}, {"model": "admin.logentry", "pk": 166, "fields": {"action_time": "2020-06-25T19:45:33.090Z", "user": 2, "content_type": 13, "object_id": "22", "object_repr": "ECON 2001.01", "action_flag": 3, "change_message": ""}}, {"model": "admin.logentry", "pk": 167, "fields": {"action_time": "2020-06-25T19:48:53.921Z", "user": 2, "content_type": 13, "object_id": "47", "object_repr": "ART 2100", "action_flag": 1, "change_message": "[{\"added\": {}}]"}}, {"model": "admin.logentry", "pk": 168, "fields": {"action_time": "2020-06-25T19:50:12.838Z", "user": 2, "content_type": 13, "object_id": "45", "object_repr": "ART 2300", "action_flag": 2, "change_message": "[{\"changed\": {\"fields\": [\"Credit\", \"Requirements\"]}}]"}}, {"model": "admin.logentry", "pk": 169, "fields": {"action_time": "2020-06-25T19:50:25.391Z", "user": 2, "content_type": 13, "object_id": "44", "object_repr": "STAT 2450", "action_flag": 2, "change_message": "[{\"changed\": {\"fields\": [\"Credit\", \"Requirements\"]}}]"}}, {"model": "admin.logentry", "pk": 170, "fields": {"action_time": "2020-06-25T19:50:31.041Z", "user": 2, "content_type": 13, "object_id": "44", "object_repr": "STAT 2450", "action_flag": 2, "change_message": "[{\"changed\": {\"fields\": [\"Credit\"]}}]"}}, {"model": "admin.logentry", "pk": 171, "fields": {"action_time": "2020-06-25T19:50:39.962Z", "user": 2, "content_type": 13, "object_id": "43", "object_repr": "STAT 1450", "action_flag": 2, "change_message": "[{\"changed\": {\"fields\": [\"Credit\", \"Requirements\"]}}]"}}, {"model": "admin.logentry", "pk": 172, "fields": {"action_time": "2020-06-25T19:51:15.290Z", "user": 2, "content_type": 13, "object_id": "42", "object_repr": "Psych 1100", "action_flag": 2, "change_message": "[{\"changed\": {\"fields\": [\"Credit\", \"Requirements\"]}}]"}}, {"model": "admin.logentry", "pk": 173, "fields": {"action_time": "2020-06-25T19:51:49.429Z", "user": 2, "content_type": 13, "object_id": "41", "object_repr": "PHYSICS 1250", "action_flag": 2, "change_message": "[{\"changed\": {\"fields\": [\"Credit\", \"Requirements\"]}}]"}}, {"model": "admin.logentry", "pk": 174, "fields": {"action_time": "2020-06-25T19:51:57.799Z", "user": 2, "content_type": 13, "object_id": "41", "object_repr": "PHYSICS 1250", "action_flag": 2, "change_message": "[{\"changed\": {\"fields\": [\"Credit\"]}}]"}}, {"model": "admin.logentry", "pk": 175, "fields": {"action_time": "2020-06-25T19:52:22.679Z", "user": 2, "content_type": 13, "object_id": "40", "object_repr": "PHYSICS 1251", "action_flag": 2, "change_message": "[{\"changed\": {\"fields\": [\"Credit\", \"Requirements\"]}}]"}}, {"model": "admin.logentry", "pk": 176, "fields": {"action_time": "2020-06-25T19:52:35.092Z", "user": 2, "content_type": 13, "object_id": "39", "object_repr": "PHYSICS 1201", "action_flag": 2, "change_message": "[{\"changed\": {\"fields\": [\"Credit\", \"Requirements\"]}}]"}}, {"model": "admin.logentry", "pk": 177, "fields": {"action_time": "2020-06-25T19:52:43.595Z", "user": 2, "content_type": 13, "object_id": "38", "object_repr": "PHYSICS 1200", "action_flag": 2, "change_message": "[{\"changed\": {\"fields\": [\"Credit\", \"Requirements\"]}}]"}}, {"model": "admin.logentry", "pk": 178, "fields": {"action_time": "2020-06-25T19:53:20.908Z", "user": 2, "content_type": 13, "object_id": "34", "object_repr": "Geography 2400", "action_flag": 2, "change_message": "[{\"changed\": {\"fields\": [\"Credit\", \"Requirements\"]}}]"}}, {"model": "admin.logentry", "pk": 179, "fields": {"action_time": "2020-06-25T19:54:01.147Z", "user": 2, "content_type": 13, "object_id": "33", "object_repr": "History 1682", "action_flag": 2, "change_message": "[{\"changed\": {\"fields\": [\"Credit\", \"Requirements\"]}}]"}}, {"model": "admin.logentry", "pk": 180, "fields": {"action_time": "2020-06-25T19:54:22.402Z", "user": 2, "content_type": 13, "object_id": "32", "object_repr": "History 1681", "action_flag": 2, "change_message": "[{\"changed\": {\"fields\": [\"Credit\", \"Requirements\"]}}]"}}, {"model": "admin.logentry", "pk": 181, "fields": {"action_time": "2020-06-25T19:54:43.649Z", "user": 2, "content_type": 13, "object_id": "31", "object_repr": "History 1152", "action_flag": 2, "change_message": "[{\"changed\": {\"fields\": [\"Credit\", \"Requirements\"]}}]"}}, {"model": "admin.logentry", "pk": 182, "fields": {"action_time": "2020-06-25T19:54:55.940Z", "user": 2, "content_type": 13, "object_id": "30", "object_repr": "History 1151", "action_flag": 2, "change_message": "[{\"changed\": {\"fields\": [\"Credit\", \"Requirements\"]}}]"}}, {"model": "admin.logentry", "pk": 183, "fields": {"action_time": "2020-06-25T19:55:28.684Z", "user": 2, "content_type": 13, "object_id": "29", "object_repr": "History 1212", "action_flag": 2, "change_message": "[{\"changed\": {\"fields\": [\"Credit\", \"Requirements\"]}}]"}}, {"model": "admin.logentry", "pk": 184, "fields": {"action_time": "2020-06-25T19:56:04.997Z", "user": 2, "content_type": 13, "object_id": "28", "object_repr": "POLITSC 1200", "action_flag": 2, "change_message": "[{\"changed\": {\"fields\": [\"Credit\", \"Requirements\"]}}]"}}, {"model": "admin.logentry", "pk": 185, "fields": {"action_time": "2020-06-25T19:56:22.347Z", "user": 2, "content_type": 13, "object_id": "27", "object_repr": "POLITSC 1100", "action_flag": 2, "change_message": "[{\"changed\": {\"fields\": [\"Credit\", \"Requirements\"]}}]"}}, {"model": "admin.logentry", "pk": 186, "fields": {"action_time": "2020-06-25T19:56:37.674Z", "user": 2, "content_type": 13, "object_id": "26", "object_repr": "ENR 2100", "action_flag": 2, "change_message": "[{\"changed\": {\"fields\": [\"Credit\", \"Requirements\"]}}]"}}, {"model": "admin.logentry", "pk": 187, "fields": {"action_time": "2020-06-25T19:57:16.041Z", "user": 2, "content_type": 13, "object_id": "25", "object_repr": "English 1110.02", "action_flag": 2, "change_message": "[{\"changed\": {\"fields\": [\"Credit\", \"Requirements\"]}}]"}}, {"model": "admin.logentry", "pk": 188, "fields": {"action_time": "2020-06-25T19:57:24.049Z", "user": 2, "content_type": 13, "object_id": "24", "object_repr": "English 1110.01", "action_flag": 2, "change_message": "[{\"changed\": {\"fields\": [\"Credit\", \"Requirements\"]}}]"}}, {"model": "admin.logentry", "pk": 189, "fields": {"action_time": "2020-06-25T19:59:11.826Z", "user": 2, "content_type": 13, "object_id": "18", "object_repr": "CHEM 1210", "action_flag": 2, "change_message": "[{\"changed\": {\"fields\": [\"Credit\", \"Requirements\"]}}]"}}, {"model": "admin.logentry", "pk": 190, "fields": {"action_time": "2020-06-25T19:59:33.342Z", "user": 2, "content_type": 13, "object_id": "17", "object_repr": "CHEM 1110", "action_flag": 2, "change_message": "[{\"changed\": {\"fields\": [\"Credit\", \"Requirements\"]}}]"}}, {"model": "admin.logentry", "pk": 191, "fields": {"action_time": "2020-06-25T20:01:30.419Z", "user": 2, "content_type": 13, "object_id": "4", "object_repr": "Mathematics 1152", "action_flag": 2, "change_message": "[{\"changed\": {\"fields\": [\"Course\", \"Credit\", \"Requirements\"]}}]"}}, {"model": "admin.logentry", "pk": 192, "fields": {"action_time": "2020-06-25T20:01:49.622Z", "user": 2, "content_type": 13, "object_id": "14", "object_repr": "Biology 1114", "action_flag": 2, "change_message": "[{\"changed\": {\"fields\": [\"Credit\", \"Requirements\"]}}]"}}, {"model": "admin.logentry", "pk": 193, "fields": {"action_time": "2020-06-25T20:02:01.248Z", "user": 2, "content_type": 13, "object_id": "13", "object_repr": "Biology 1113", "action_flag": 2, "change_message": "[{\"changed\": {\"fields\": [\"Credit\", \"Requirements\"]}}]"}}, {"model": "admin.logentry", "pk": 194, "fields": {"action_time": "2020-06-25T20:02:14.644Z", "user": 2, "content_type": 13, "object_id": "12", "object_repr": "Biology 1101", "action_flag": 2, "change_message": "[{\"changed\": {\"fields\": [\"Credit\", \"Requirements\"]}}]"}}, {"model": "admin.logentry", "pk": 195, "fields": {"action_time": "2020-06-25T20:02:44.219Z", "user": 2, "content_type": 13, "object_id": "11", "object_repr": "History 2002", "action_flag": 2, "change_message": "[{\"changed\": {\"fields\": [\"Credit\", \"Requirements\"]}}]"}}, {"model": "admin.logentry", "pk": 196, "fields": {"action_time": "2020-06-25T20:04:18.149Z", "user": 2, "content_type": 13, "object_id": "3", "object_repr": "STAT 1430", "action_flag": 2, "change_message": "[{\"changed\": {\"fields\": [\"Course\", \"Credit\"]}}]"}}, {"model": "admin.logentry", "pk": 197, "fields": {"action_time": "2020-06-25T20:07:04.035Z", "user": 2, "content_type": 13, "object_id": "5", "object_repr": "Math 1151", "action_flag": 2, "change_message": "[{\"changed\": {\"fields\": [\"Course\", \"Credit\"]}}]"}}, {"model": "admin.logentry", "pk": 198, "fields": {"action_time": "2020-06-25T20:07:17.563Z", "user": 2, "content_type": 13, "object_id": "4", "object_repr": "Math 1152", "action_flag": 2, "change_message": "[{\"changed\": {\"fields\": [\"Course\", \"Credit\"]}}]"}}, {"model": "admin.logentry", "pk": 199, "fields": {"action_time": "2020-06-25T20:19:32.102Z", "user": 2, "content_type": 17, "object_id": "42", "object_repr": "Art History:3-3", "action_flag": 1, "change_message": "new through import_export"}}, {"model": "admin.logentry", "pk": 200, "fields": {"action_time": "2020-06-25T20:19:32.105Z", "user": 2, "content_type": 17, "object_id": "43", "object_repr": "Biology:3-3", "action_flag": 1, "change_message": "new through import_export"}}, {"model": "admin.logentry", "pk": 201, "fields": {"action_time": "2020-06-25T20:19:32.106Z", "user": 2, "content_type": 17, "object_id": "44", "object_repr": "Biology:3-3", "action_flag": 1, "change_message": "new through import_export"}}, {"model": "admin.logentry", "pk": 202, "fields": {"action_time": "2020-06-25T20:19:32.109Z", "user": 2, "content_type": 17, "object_id": "45", "object_repr": "Biology:3-3", "action_flag": 1, "change_message": "new through import_export"}}, {"model": "admin.logentry", "pk": 203, "fields": {"action_time": "2020-06-25T20:19:32.111Z", "user": 2, "content_type": 17, "object_id": "46", "object_repr": "Biology:3-3", "action_flag": 1, "change_message": "new through import_export"}}, {"model": "admin.logentry", "pk": 204, "fields": {"action_time": "2020-06-25T20:19:32.113Z", "user": 2, "content_type": 17, "object_id": "47", "object_repr": "Calculus AB:3-3", "action_flag": 1, "change_message": "new through import_export"}}, {"model": "admin.logentry", "pk": 205, "fields": {"action_time": "2020-06-25T20:19:32.115Z", "user": 2, "content_type": 17, "object_id": "48", "object_repr": "Calculus BC:3-3", "action_flag": 1, "change_message": "new through import_export"}}, {"model": "admin.logentry", "pk": 206, "fields": {"action_time": "2020-06-25T20:19:32.117Z", "user": 2, "content_type": 17, "object_id": "49", "object_repr": "Calculus BC:3-3", "action_flag": 1, "change_message": "new through import_export"}}, {"model": "admin.logentry", "pk": 207, "fields": {"action_time": "2020-06-25T20:19:32.119Z", "user": 2, "content_type": 17, "object_id": "50", "object_repr": "Chemistry:3-3", "action_flag": 1, "change_message": "new through import_export"}}, {"model": "admin.logentry", "pk": 208, "fields": {"action_time": "2020-06-25T20:19:32.122Z", "user": 2, "content_type": 17, "object_id": "51", "object_repr": "Chemistry:3-3", "action_flag": 1, "change_message": "new through import_export"}}, {"model": "admin.logentry", "pk": 209, "fields": {"action_time": "2020-06-25T20:19:32.123Z", "user": 2, "content_type": 17, "object_id": "52", "object_repr": "Computer Science A:3-3", "action_flag": 1, "change_message": "new through import_export"}}, {"model": "admin.logentry", "pk": 210, "fields": {"action_time": "2020-06-25T20:19:32.126Z", "user": 2, "content_type": 17, "object_id": "53", "object_repr": "Computer Science A:3-3", "action_flag": 1, "change_message": "new through import_export"}}, {"model": "admin.logentry", "pk": 211, "fields": {"action_time": "2020-06-25T20:19:32.128Z", "user": 2, "content_type": 17, "object_id": "54", "object_repr": "Computer Science A:3-3", "action_flag": 1, "change_message": "new through import_export"}}, {"model": "admin.logentry", "pk": 212, "fields": {"action_time": "2020-06-25T20:19:32.129Z", "user": 2, "content_type": 17, "object_id": "55", "object_repr": "Computer Science Principles:3-3", "action_flag": 1, "change_message": "new through import_export"}}, {"model": "admin.logentry", "pk": 213, "fields": {"action_time": "2020-06-25T20:19:32.131Z", "user": 2, "content_type": 17, "object_id": "56", "object_repr": "Microeconomics:3-3", "action_flag": 1, "change_message": "new through import_export"}}, {"model": "admin.logentry", "pk": 214, "fields": {"action_time": "2020-06-25T20:19:32.133Z", "user": 2, "content_type": 17, "object_id": "57", "object_repr": "Macroeconomics:3-3", "action_flag": 1, "change_message": "new through import_export"}}, {"model": "admin.logentry", "pk": 215, "fields": {"action_time": "2020-06-25T20:19:32.135Z", "user": 2, "content_type": 17, "object_id": "58", "object_repr": "English Language & Composition:3-3", "action_flag": 1, "change_message": "new through import_export"}}, {"model": "admin.logentry", "pk": 216, "fields": {"action_time": "2020-06-25T20:19:32.138Z", "user": 2, "content_type": 17, "object_id": "59", "object_repr": "English Literature & Composition:3-3", "action_flag": 1, "change_message": "new through import_export"}}, {"model": "admin.logentry", "pk": 217, "fields": {"action_time": "2020-06-25T20:19:32.139Z", "user": 2, "content_type": 17, "object_id": "60", "object_repr": "Environmental Science:3-3", "action_flag": 1, "change_message": "new through import_export"}}, {"model": "admin.logentry", "pk": 218, "fields": {"action_time": "2020-06-25T20:19:32.142Z", "user": 2, "content_type": 17, "object_id": "61", "object_repr": "Gov. & Politics: US:3-3", "action_flag": 1, "change_message": "new through import_export"}}, {"model": "admin.logentry", "pk": 219, "fields": {"action_time": "2020-06-25T20:19:32.145Z", "user": 2, "content_type": 17, "object_id": "62", "object_repr": "Gov. & Politics: Comparative:3-3", "action_flag": 1, "change_message": "new through import_export"}}, {"model": "admin.logentry", "pk": 220, "fields": {"action_time": "2020-06-25T20:19:32.150Z", "user": 2, "content_type": 17, "object_id": "63", "object_repr": "History: European:3-3", "action_flag": 1, "change_message": "new through import_export"}}, {"model": "admin.logentry", "pk": 221, "fields": {"action_time": "2020-06-25T20:19:32.152Z", "user": 2, "content_type": 17, "object_id": "64", "object_repr": "History: US:3-3", "action_flag": 1, "change_message": "new through import_export"}}, {"model": "admin.logentry", "pk": 222, "fields": {"action_time": "2020-06-25T20:19:32.155Z", "user": 2, "content_type": 17, "object_id": "65", "object_repr": "History: US:3-3", "action_flag": 1, "change_message": "new through import_export"}}, {"model": "admin.logentry", "pk": 223, "fields": {"action_time": "2020-06-25T20:19:32.157Z", "user": 2, "content_type": 17, "object_id": "66", "object_repr": "History: World:3-3", "action_flag": 1, "change_message": "new through import_export"}}, {"model": "admin.logentry", "pk": 224, "fields": {"action_time": "2020-06-25T20:19:32.159Z", "user": 2, "content_type": 17, "object_id": "67", "object_repr": "History: World:3-3", "action_flag": 1, "change_message": "new through import_export"}}, {"model": "admin.logentry", "pk": 225, "fields": {"action_time": "2020-06-25T20:19:32.161Z", "user": 2, "content_type": 17, "object_id": "68", "object_repr": "Human Geography:3-3", "action_flag": 1, "change_message": "new through import_export"}}, {"model": "admin.logentry", "pk": 226, "fields": {"action_time": "2020-06-25T20:19:32.163Z", "user": 2, "content_type": 17, "object_id": "69", "object_repr": "Music Theory:3-3", "action_flag": 1, "change_message": "new through import_export"}}, {"model": "admin.logentry", "pk": 227, "fields": {"action_time": "2020-06-25T20:19:32.165Z", "user": 2, "content_type": 17, "object_id": "70", "object_repr": "Music Theory:3-3", "action_flag": 1, "change_message": "new through import_export"}}, {"model": "admin.logentry", "pk": 228, "fields": {"action_time": "2020-06-25T20:19:32.167Z", "user": 2, "content_type": 17, "object_id": "71", "object_repr": "Music Theory:3-3", "action_flag": 1, "change_message": "new through import_export"}}, {"model": "admin.logentry", "pk": 229, "fields": {"action_time": "2020-06-25T20:19:32.170Z", "user": 2, "content_type": 17, "object_id": "72", "object_repr": "Physics 1:3-3", "action_flag": 1, "change_message": "new through import_export"}}, {"model": "admin.logentry", "pk": 230, "fields": {"action_time": "2020-06-25T20:19:32.173Z", "user": 2, "content_type": 17, "object_id": "73", "object_repr": "Physics 2:3-3", "action_flag": 1, "change_message": "new through import_export"}}, {"model": "admin.logentry", "pk": 231, "fields": {"action_time": "2020-06-25T20:19:32.175Z", "user": 2, "content_type": 17, "object_id": "74", "object_repr": "Physics C: Electricity & Magnets:3-3", "action_flag": 1, "change_message": "new through import_export"}}, {"model": "admin.logentry", "pk": 232, "fields": {"action_time": "2020-06-25T20:19:32.178Z", "user": 2, "content_type": 17, "object_id": "75", "object_repr": "Physics C: Mechanics:3-3", "action_flag": 1, "change_message": "new through import_export"}}, {"model": "admin.logentry", "pk": 233, "fields": {"action_time": "2020-06-25T20:19:32.180Z", "user": 2, "content_type": 17, "object_id": "76", "object_repr": "Psychology:3-3", "action_flag": 1, "change_message": "new through import_export"}}, {"model": "admin.logentry", "pk": 234, "fields": {"action_time": "2020-06-25T20:19:32.181Z", "user": 2, "content_type": 17, "object_id": "77", "object_repr": "Statistics:3-3", "action_flag": 1, "change_message": "new through import_export"}}, {"model": "admin.logentry", "pk": 235, "fields": {"action_time": "2020-06-25T20:19:32.183Z", "user": 2, "content_type": 17, "object_id": "78", "object_repr": "Statistics:3-3", "action_flag": 1, "change_message": "new through import_export"}}, {"model": "admin.logentry", "pk": 236, "fields": {"action_time": "2020-06-25T20:19:32.185Z", "user": 2, "content_type": 17, "object_id": "79", "object_repr": "Studio Art: 2D Design:3-3", "action_flag": 1, "change_message": "new through import_export"}}, {"model": "admin.logentry", "pk": 237, "fields": {"action_time": "2020-06-25T20:19:32.188Z", "user": 2, "content_type": 17, "object_id": "80", "object_repr": "Studio Art: 3D Design:3-3", "action_flag": 1, "change_message": "new through import_export"}}, {"model": "admin.logentry", "pk": 238, "fields": {"action_time": "2020-06-25T20:19:32.189Z", "user": 2, "content_type": 17, "object_id": "81", "object_repr": "Studio Art: Drawing:3-3", "action_flag": 1, "change_message": "new through import_export"}}, {"model": "admin.logentry", "pk": 239, "fields": {"action_time": "2020-06-25T20:20:08.089Z", "user": 2, "content_type": 17, "object_id": "81", "object_repr": "Studio Art: Drawing:3-3", "action_flag": 3, "change_message": ""}}, {"model": "admin.logentry", "pk": 240, "fields": {"action_time": "2020-06-25T20:20:08.092Z", "user": 2, "content_type": 17, "object_id": "80", "object_repr": "Studio Art: 3D Design:3-3", "action_flag": 3, "change_message": ""}}, {"model": "admin.logentry", "pk": 241, "fields": {"action_time": "2020-06-25T20:20:08.094Z", "user": 2, "content_type": 17, "object_id": "79", "object_repr": "Studio Art: 2D Design:3-3", "action_flag": 3, "change_message": ""}}, {"model": "admin.logentry", "pk": 242, "fields": {"action_time": "2020-06-25T20:20:08.097Z", "user": 2, "content_type": 17, "object_id": "78", "object_repr": "Statistics:3-3", "action_flag": 3, "change_message": ""}}, {"model": "admin.logentry", "pk": 243, "fields": {"action_time": "2020-06-25T20:20:08.099Z", "user": 2, "content_type": 17, "object_id": "77", "object_repr": "Statistics:3-3", "action_flag": 3, "change_message": ""}}, {"model": "admin.logentry", "pk": 244, "fields": {"action_time": "2020-06-25T20:20:08.101Z", "user": 2, "content_type": 17, "object_id": "76", "object_repr": "Psychology:3-3", "action_flag": 3, "change_message": ""}}, {"model": "admin.logentry", "pk": 245, "fields": {"action_time": "2020-06-25T20:20:08.103Z", "user": 2, "content_type": 17, "object_id": "75", "object_repr": "Physics C: Mechanics:3-3", "action_flag": 3, "change_message": ""}}, {"model": "admin.logentry", "pk": 246, "fields": {"action_time": "2020-06-25T20:20:08.105Z", "user": 2, "content_type": 17, "object_id": "74", "object_repr": "Physics C: Electricity & Magnets:3-3", "action_flag": 3, "change_message": ""}}, {"model": "admin.logentry", "pk": 247, "fields": {"action_time": "2020-06-25T20:20:08.107Z", "user": 2, "content_type": 17, "object_id": "73", "object_repr": "Physics 2:3-3", "action_flag": 3, "change_message": ""}}, {"model": "admin.logentry", "pk": 248, "fields": {"action_time": "2020-06-25T20:20:08.108Z", "user": 2, "content_type": 17, "object_id": "72", "object_repr": "Physics 1:3-3", "action_flag": 3, "change_message": ""}}, {"model": "admin.logentry", "pk": 249, "fields": {"action_time": "2020-06-25T20:20:08.111Z", "user": 2, "content_type": 17, "object_id": "71", "object_repr": "Music Theory:3-3", "action_flag": 3, "change_message": ""}}, {"model": "admin.logentry", "pk": 250, "fields": {"action_time": "2020-06-25T20:20:08.113Z", "user": 2, "content_type": 17, "object_id": "70", "object_repr": "Music Theory:3-3", "action_flag": 3, "change_message": ""}}, {"model": "admin.logentry", "pk": 251, "fields": {"action_time": "2020-06-25T20:20:08.115Z", "user": 2, "content_type": 17, "object_id": "69", "object_repr": "Music Theory:3-3", "action_flag": 3, "change_message": ""}}, {"model": "admin.logentry", "pk": 252, "fields": {"action_time": "2020-06-25T20:20:08.117Z", "user": 2, "content_type": 17, "object_id": "68", "object_repr": "Human Geography:3-3", "action_flag": 3, "change_message": ""}}, {"model": "admin.logentry", "pk": 253, "fields": {"action_time": "2020-06-25T20:20:08.119Z", "user": 2, "content_type": 17, "object_id": "67", "object_repr": "History: World:3-3", "action_flag": 3, "change_message": ""}}, {"model": "admin.logentry", "pk": 254, "fields": {"action_time": "2020-06-25T20:20:08.122Z", "user": 2, "content_type": 17, "object_id": "66", "object_repr": "History: World:3-3", "action_flag": 3, "change_message": ""}}, {"model": "admin.logentry", "pk": 255, "fields": {"action_time": "2020-06-25T20:20:08.124Z", "user": 2, "content_type": 17, "object_id": "65", "object_repr": "History: US:3-3", "action_flag": 3, "change_message": ""}}, {"model": "admin.logentry", "pk": 256, "fields": {"action_time": "2020-06-25T20:20:08.126Z", "user": 2, "content_type": 17, "object_id": "64", "object_repr": "History: US:3-3", "action_flag": 3, "change_message": ""}}, {"model": "admin.logentry", "pk": 257, "fields": {"action_time": "2020-06-25T20:20:08.128Z", "user": 2, "content_type": 17, "object_id": "63", "object_repr": "History: European:3-3", "action_flag": 3, "change_message": ""}}, {"model": "admin.logentry", "pk": 258, "fields": {"action_time": "2020-06-25T20:20:08.130Z", "user": 2, "content_type": 17, "object_id": "62", "object_repr": "Gov. & Politics: Comparative:3-3", "action_flag": 3, "change_message": ""}}, {"model": "admin.logentry", "pk": 259, "fields": {"action_time": "2020-06-25T20:20:08.132Z", "user": 2, "content_type": 17, "object_id": "61", "object_repr": "Gov. & Politics: US:3-3", "action_flag": 3, "change_message": ""}}, {"model": "admin.logentry", "pk": 260, "fields": {"action_time": "2020-06-25T20:20:08.133Z", "user": 2, "content_type": 17, "object_id": "60", "object_repr": "Environmental Science:3-3", "action_flag": 3, "change_message": ""}}, {"model": "admin.logentry", "pk": 261, "fields": {"action_time": "2020-06-25T20:20:08.135Z", "user": 2, "content_type": 17, "object_id": "59", "object_repr": "English Literature & Composition:3-3", "action_flag": 3, "change_message": ""}}, {"model": "admin.logentry", "pk": 262, "fields": {"action_time": "2020-06-25T20:20:08.137Z", "user": 2, "content_type": 17, "object_id": "58", "object_repr": "English Language & Composition:3-3", "action_flag": 3, "change_message": ""}}, {"model": "admin.logentry", "pk": 263, "fields": {"action_time": "2020-06-25T20:20:08.139Z", "user": 2, "content_type": 17, "object_id": "57", "object_repr": "Macroeconomics:3-3", "action_flag": 3, "change_message": ""}}, {"model": "admin.logentry", "pk": 264, "fields": {"action_time": "2020-06-25T20:20:08.141Z", "user": 2, "content_type": 17, "object_id": "56", "object_repr": "Microeconomics:3-3", "action_flag": 3, "change_message": ""}}, {"model": "admin.logentry", "pk": 265, "fields": {"action_time": "2020-06-25T20:20:08.142Z", "user": 2, "content_type": 17, "object_id": "55", "object_repr": "Computer Science Principles:3-3", "action_flag": 3, "change_message": ""}}, {"model": "admin.logentry", "pk": 266, "fields": {"action_time": "2020-06-25T20:20:08.145Z", "user": 2, "content_type": 17, "object_id": "54", "object_repr": "Computer Science A:3-3", "action_flag": 3, "change_message": ""}}, {"model": "admin.logentry", "pk": 267, "fields": {"action_time": "2020-06-25T20:20:08.147Z", "user": 2, "content_type": 17, "object_id": "53", "object_repr": "Computer Science A:3-3", "action_flag": 3, "change_message": ""}}, {"model": "admin.logentry", "pk": 268, "fields": {"action_time": "2020-06-25T20:20:08.149Z", "user": 2, "content_type": 17, "object_id": "52", "object_repr": "Computer Science A:3-3", "action_flag": 3, "change_message": ""}}, {"model": "admin.logentry", "pk": 269, "fields": {"action_time": "2020-06-25T20:20:08.151Z", "user": 2, "content_type": 17, "object_id": "51", "object_repr": "Chemistry:3-3", "action_flag": 3, "change_message": ""}}, {"model": "admin.logentry", "pk": 270, "fields": {"action_time": "2020-06-25T20:20:08.152Z", "user": 2, "content_type": 17, "object_id": "50", "object_repr": "Chemistry:3-3", "action_flag": 3, "change_message": ""}}, {"model": "admin.logentry", "pk": 271, "fields": {"action_time": "2020-06-25T20:20:08.154Z", "user": 2, "content_type": 17, "object_id": "49", "object_repr": "Calculus BC:3-3", "action_flag": 3, "change_message": ""}}, {"model": "admin.logentry", "pk": 272, "fields": {"action_time": "2020-06-25T20:20:08.156Z", "user": 2, "content_type": 17, "object_id": "48", "object_repr": "Calculus BC:3-3", "action_flag": 3, "change_message": ""}}, {"model": "admin.logentry", "pk": 273, "fields": {"action_time": "2020-06-25T20:20:08.158Z", "user": 2, "content_type": 17, "object_id": "47", "object_repr": "Calculus AB:3-3", "action_flag": 3, "change_message": ""}}, {"model": "admin.logentry", "pk": 274, "fields": {"action_time": "2020-06-25T20:20:08.160Z", "user": 2, "content_type": 17, "object_id": "46", "object_repr": "Biology:3-3", "action_flag": 3, "change_message": ""}}, {"model": "admin.logentry", "pk": 275, "fields": {"action_time": "2020-06-25T20:20:08.162Z", "user": 2, "content_type": 17, "object_id": "45", "object_repr": "Biology:3-3", "action_flag": 3, "change_message": ""}}, {"model": "admin.logentry", "pk": 276, "fields": {"action_time": "2020-06-25T20:20:08.164Z", "user": 2, "content_type": 17, "object_id": "44", "object_repr": "Biology:3-3", "action_flag": 3, "change_message": ""}}, {"model": "admin.logentry", "pk": 277, "fields": {"action_time": "2020-06-25T20:20:08.166Z", "user": 2, "content_type": 17, "object_id": "43", "object_repr": "Biology:3-3", "action_flag": 3, "change_message": ""}}, {"model": "admin.logentry", "pk": 278, "fields": {"action_time": "2020-06-25T20:20:08.168Z", "user": 2, "content_type": 17, "object_id": "42", "object_repr": "Art History:3-3", "action_flag": 3, "change_message": ""}}, {"model": "admin.logentry", "pk": 279, "fields": {"action_time": "2020-06-25T20:20:08.170Z", "user": 2, "content_type": 17, "object_id": "1", "object_repr": "Microeconomics:3-5", "action_flag": 3, "change_message": ""}}, {"model": "admin.logentry", "pk": 280, "fields": {"action_time": "2020-06-25T20:22:37.547Z", "user": 2, "content_type": 17, "object_id": "82", "object_repr": "Art History:3-3", "action_flag": 1, "change_message": "new through import_export"}}, {"model": "admin.logentry", "pk": 281, "fields": {"action_time": "2020-06-25T20:22:37.548Z", "user": 2, "content_type": 17, "object_id": "83", "object_repr": "Biology:3-3", "action_flag": 1, "change_message": "new through import_export"}}, {"model": "admin.logentry", "pk": 282, "fields": {"action_time": "2020-06-25T20:22:37.551Z", "user": 2, "content_type": 17, "object_id": "84", "object_repr": "Biology:3-3", "action_flag": 1, "change_message": "new through import_export"}}, {"model": "admin.logentry", "pk": 283, "fields": {"action_time": "2020-06-25T20:22:37.553Z", "user": 2, "content_type": 17, "object_id": "85", "object_repr": "Biology:3-3", "action_flag": 1, "change_message": "new through import_export"}}, {"model": "admin.logentry", "pk": 284, "fields": {"action_time": "2020-06-25T20:22:37.555Z", "user": 2, "content_type": 17, "object_id": "86", "object_repr": "Biology:3-3", "action_flag": 1, "change_message": "new through import_export"}}, {"model": "admin.logentry", "pk": 285, "fields": {"action_time": "2020-06-25T20:22:37.557Z", "user": 2, "content_type": 17, "object_id": "87", "object_repr": "Calculus AB:3-3", "action_flag": 1, "change_message": "new through import_export"}}, {"model": "admin.logentry", "pk": 286, "fields": {"action_time": "2020-06-25T20:22:37.561Z", "user": 2, "content_type": 17, "object_id": "88", "object_repr": "Calculus BC:3-3", "action_flag": 1, "change_message": "new through import_export"}}, {"model": "admin.logentry", "pk": 287, "fields": {"action_time": "2020-06-25T20:22:37.563Z", "user": 2, "content_type": 17, "object_id": "89", "object_repr": "Calculus BC:3-3", "action_flag": 1, "change_message": "new through import_export"}}, {"model": "admin.logentry", "pk": 288, "fields": {"action_time": "2020-06-25T20:22:37.564Z", "user": 2, "content_type": 17, "object_id": "90", "object_repr": "Chemistry:3-3", "action_flag": 1, "change_message": "new through import_export"}}, {"model": "admin.logentry", "pk": 289, "fields": {"action_time": "2020-06-25T20:22:37.566Z", "user": 2, "content_type": 17, "object_id": "91", "object_repr": "Chemistry:3-3", "action_flag": 1, "change_message": "new through import_export"}}, {"model": "admin.logentry", "pk": 290, "fields": {"action_time": "2020-06-25T20:22:37.568Z", "user": 2, "content_type": 17, "object_id": "92", "object_repr": "Computer Science A:3-3", "action_flag": 1, "change_message": "new through import_export"}}, {"model": "admin.logentry", "pk": 291, "fields": {"action_time": "2020-06-25T20:22:37.570Z", "user": 2, "content_type": 17, "object_id": "93", "object_repr": "Computer Science A:3-3", "action_flag": 1, "change_message": "new through import_export"}}, {"model": "admin.logentry", "pk": 292, "fields": {"action_time": "2020-06-25T20:22:37.571Z", "user": 2, "content_type": 17, "object_id": "94", "object_repr": "Computer Science A:3-3", "action_flag": 1, "change_message": "new through import_export"}}, {"model": "admin.logentry", "pk": 293, "fields": {"action_time": "2020-06-25T20:22:37.573Z", "user": 2, "content_type": 17, "object_id": "95", "object_repr": "Computer Science Principles:3-3", "action_flag": 1, "change_message": "new through import_export"}}, {"model": "admin.logentry", "pk": 294, "fields": {"action_time": "2020-06-25T20:22:37.576Z", "user": 2, "content_type": 17, "object_id": "96", "object_repr": "Microeconomics:3-3", "action_flag": 1, "change_message": "new through import_export"}}, {"model": "admin.logentry", "pk": 295, "fields": {"action_time": "2020-06-25T20:22:37.578Z", "user": 2, "content_type": 17, "object_id": "97", "object_repr": "Macroeconomics:3-3", "action_flag": 1, "change_message": "new through import_export"}}, {"model": "admin.logentry", "pk": 296, "fields": {"action_time": "2020-06-25T20:22:37.579Z", "user": 2, "content_type": 17, "object_id": "98", "object_repr": "English Language & Composition:3-3", "action_flag": 1, "change_message": "new through import_export"}}, {"model": "admin.logentry", "pk": 297, "fields": {"action_time": "2020-06-25T20:22:37.581Z", "user": 2, "content_type": 17, "object_id": "99", "object_repr": "English Literature & Composition:3-3", "action_flag": 1, "change_message": "new through import_export"}}, {"model": "admin.logentry", "pk": 298, "fields": {"action_time": "2020-06-25T20:22:37.583Z", "user": 2, "content_type": 17, "object_id": "100", "object_repr": "Environmental Science:3-3", "action_flag": 1, "change_message": "new through import_export"}}, {"model": "admin.logentry", "pk": 299, "fields": {"action_time": "2020-06-25T20:22:37.585Z", "user": 2, "content_type": 17, "object_id": "101", "object_repr": "Gov. & Politics: US:3-3", "action_flag": 1, "change_message": "new through import_export"}}, {"model": "admin.logentry", "pk": 300, "fields": {"action_time": "2020-06-25T20:22:37.587Z", "user": 2, "content_type": 17, "object_id": "102", "object_repr": "Gov. & Politics: Comparative:3-3", "action_flag": 1, "change_message": "new through import_export"}}, {"model": "admin.logentry", "pk": 301, "fields": {"action_time": "2020-06-25T20:22:37.588Z", "user": 2, "content_type": 17, "object_id": "103", "object_repr": "History: European:3-3", "action_flag": 1, "change_message": "new through import_export"}}, {"model": "admin.logentry", "pk": 302, "fields": {"action_time": "2020-06-25T20:22:37.591Z", "user": 2, "content_type": 17, "object_id": "104", "object_repr": "History: US:3-3", "action_flag": 1, "change_message": "new through import_export"}}, {"model": "admin.logentry", "pk": 303, "fields": {"action_time": "2020-06-25T20:22:37.593Z", "user": 2, "content_type": 17, "object_id": "105", "object_repr": "History: US:3-3", "action_flag": 1, "change_message": "new through import_export"}}, {"model": "admin.logentry", "pk": 304, "fields": {"action_time": "2020-06-25T20:22:37.595Z", "user": 2, "content_type": 17, "object_id": "106", "object_repr": "History: World:3-3", "action_flag": 1, "change_message": "new through import_export"}}, {"model": "admin.logentry", "pk": 305, "fields": {"action_time": "2020-06-25T20:22:37.597Z", "user": 2, "content_type": 17, "object_id": "107", "object_repr": "History: World:3-3", "action_flag": 1, "change_message": "new through import_export"}}, {"model": "admin.logentry", "pk": 306, "fields": {"action_time": "2020-06-25T20:22:37.599Z", "user": 2, "content_type": 17, "object_id": "108", "object_repr": "Human Geography:3-3", "action_flag": 1, "change_message": "new through import_export"}}, {"model": "admin.logentry", "pk": 307, "fields": {"action_time": "2020-06-25T20:22:37.601Z", "user": 2, "content_type": 17, "object_id": "109", "object_repr": "Music Theory:3-3", "action_flag": 1, "change_message": "new through import_export"}}, {"model": "admin.logentry", "pk": 308, "fields": {"action_time": "2020-06-25T20:22:37.603Z", "user": 2, "content_type": 17, "object_id": "110", "object_repr": "Music Theory:3-3", "action_flag": 1, "change_message": "new through import_export"}}, {"model": "admin.logentry", "pk": 309, "fields": {"action_time": "2020-06-25T20:22:37.605Z", "user": 2, "content_type": 17, "object_id": "111", "object_repr": "Music Theory:3-3", "action_flag": 1, "change_message": "new through import_export"}}, {"model": "admin.logentry", "pk": 310, "fields": {"action_time": "2020-06-25T20:22:37.607Z", "user": 2, "content_type": 17, "object_id": "112", "object_repr": "Physics 1:3-3", "action_flag": 1, "change_message": "new through import_export"}}, {"model": "admin.logentry", "pk": 311, "fields": {"action_time": "2020-06-25T20:22:37.609Z", "user": 2, "content_type": 17, "object_id": "113", "object_repr": "Physics 2:3-3", "action_flag": 1, "change_message": "new through import_export"}}, {"model": "admin.logentry", "pk": 312, "fields": {"action_time": "2020-06-25T20:22:37.611Z", "user": 2, "content_type": 17, "object_id": "114", "object_repr": "Physics C: Electricity & Magnets:3-3", "action_flag": 1, "change_message": "new through import_export"}}, {"model": "admin.logentry", "pk": 313, "fields": {"action_time": "2020-06-25T20:22:37.613Z", "user": 2, "content_type": 17, "object_id": "115", "object_repr": "Physics C: Mechanics:3-3", "action_flag": 1, "change_message": "new through import_export"}}, {"model": "admin.logentry", "pk": 314, "fields": {"action_time": "2020-06-25T20:22:37.615Z", "user": 2, "content_type": 17, "object_id": "116", "object_repr": "Psychology:3-3", "action_flag": 1, "change_message": "new through import_export"}}, {"model": "admin.logentry", "pk": 315, "fields": {"action_time": "2020-06-25T20:22:37.617Z", "user": 2, "content_type": 17, "object_id": "117", "object_repr": "Statistics:3-3", "action_flag": 1, "change_message": "new through import_export"}}, {"model": "admin.logentry", "pk": 316, "fields": {"action_time": "2020-06-25T20:22:37.619Z", "user": 2, "content_type": 17, "object_id": "118", "object_repr": "Statistics:3-3", "action_flag": 1, "change_message": "new through import_export"}}, {"model": "admin.logentry", "pk": 317, "fields": {"action_time": "2020-06-25T20:22:37.621Z", "user": 2, "content_type": 17, "object_id": "119", "object_repr": "Studio Art: 2D Design:3-3", "action_flag": 1, "change_message": "new through import_export"}}, {"model": "admin.logentry", "pk": 318, "fields": {"action_time": "2020-06-25T20:22:37.623Z", "user": 2, "content_type": 17, "object_id": "120", "object_repr": "Studio Art: 3D Design:3-3", "action_flag": 1, "change_message": "new through import_export"}}, {"model": "admin.logentry", "pk": 319, "fields": {"action_time": "2020-06-25T20:22:37.625Z", "user": 2, "content_type": 17, "object_id": "121", "object_repr": "Studio Art: Drawing:3-3", "action_flag": 1, "change_message": "new through import_export"}}, {"model": "admin.logentry", "pk": 320, "fields": {"action_time": "2020-06-25T20:24:07.913Z", "user": 2, "content_type": 17, "object_id": "121", "object_repr": "Studio Art: Drawing:3-3", "action_flag": 3, "change_message": ""}}, {"model": "admin.logentry", "pk": 321, "fields": {"action_time": "2020-06-25T20:24:07.917Z", "user": 2, "content_type": 17, "object_id": "120", "object_repr": "Studio Art: 3D Design:3-3", "action_flag": 3, "change_message": ""}}, {"model": "admin.logentry", "pk": 322, "fields": {"action_time": "2020-06-25T20:24:07.919Z", "user": 2, "content_type": 17, "object_id": "119", "object_repr": "Studio Art: 2D Design:3-3", "action_flag": 3, "change_message": ""}}, {"model": "admin.logentry", "pk": 323, "fields": {"action_time": "2020-06-25T20:24:07.921Z", "user": 2, "content_type": 17, "object_id": "118", "object_repr": "Statistics:3-3", "action_flag": 3, "change_message": ""}}, {"model": "admin.logentry", "pk": 324, "fields": {"action_time": "2020-06-25T20:24:07.923Z", "user": 2, "content_type": 17, "object_id": "117", "object_repr": "Statistics:3-3", "action_flag": 3, "change_message": ""}}, {"model": "admin.logentry", "pk": 325, "fields": {"action_time": "2020-06-25T20:24:07.925Z", "user": 2, "content_type": 17, "object_id": "116", "object_repr": "Psychology:3-3", "action_flag": 3, "change_message": ""}}, {"model": "admin.logentry", "pk": 326, "fields": {"action_time": "2020-06-25T20:24:07.927Z", "user": 2, "content_type": 17, "object_id": "115", "object_repr": "Physics C: Mechanics:3-3", "action_flag": 3, "change_message": ""}}, {"model": "admin.logentry", "pk": 327, "fields": {"action_time": "2020-06-25T20:24:07.930Z", "user": 2, "content_type": 17, "object_id": "114", "object_repr": "Physics C: Electricity & Magnets:3-3", "action_flag": 3, "change_message": ""}}, {"model": "admin.logentry", "pk": 328, "fields": {"action_time": "2020-06-25T20:24:07.932Z", "user": 2, "content_type": 17, "object_id": "113", "object_repr": "Physics 2:3-3", "action_flag": 3, "change_message": ""}}, {"model": "admin.logentry", "pk": 329, "fields": {"action_time": "2020-06-25T20:24:07.934Z", "user": 2, "content_type": 17, "object_id": "112", "object_repr": "Physics 1:3-3", "action_flag": 3, "change_message": ""}}, {"model": "admin.logentry", "pk": 330, "fields": {"action_time": "2020-06-25T20:24:07.936Z", "user": 2, "content_type": 17, "object_id": "111", "object_repr": "Music Theory:3-3", "action_flag": 3, "change_message": ""}}, {"model": "admin.logentry", "pk": 331, "fields": {"action_time": "2020-06-25T20:24:07.938Z", "user": 2, "content_type": 17, "object_id": "110", "object_repr": "Music Theory:3-3", "action_flag": 3, "change_message": ""}}, {"model": "admin.logentry", "pk": 332, "fields": {"action_time": "2020-06-25T20:24:07.940Z", "user": 2, "content_type": 17, "object_id": "109", "object_repr": "Music Theory:3-3", "action_flag": 3, "change_message": ""}}, {"model": "admin.logentry", "pk": 333, "fields": {"action_time": "2020-06-25T20:24:07.942Z", "user": 2, "content_type": 17, "object_id": "108", "object_repr": "Human Geography:3-3", "action_flag": 3, "change_message": ""}}, {"model": "admin.logentry", "pk": 334, "fields": {"action_time": "2020-06-25T20:24:07.944Z", "user": 2, "content_type": 17, "object_id": "107", "object_repr": "History: World:3-3", "action_flag": 3, "change_message": ""}}, {"model": "admin.logentry", "pk": 335, "fields": {"action_time": "2020-06-25T20:24:07.947Z", "user": 2, "content_type": 17, "object_id": "106", "object_repr": "History: World:3-3", "action_flag": 3, "change_message": ""}}, {"model": "admin.logentry", "pk": 336, "fields": {"action_time": "2020-06-25T20:24:07.949Z", "user": 2, "content_type": 17, "object_id": "105", "object_repr": "History: US:3-3", "action_flag": 3, "change_message": ""}}, {"model": "admin.logentry", "pk": 337, "fields": {"action_time": "2020-06-25T20:24:07.951Z", "user": 2, "content_type": 17, "object_id": "104", "object_repr": "History: US:3-3", "action_flag": 3, "change_message": ""}}, {"model": "admin.logentry", "pk": 338, "fields": {"action_time": "2020-06-25T20:24:07.953Z", "user": 2, "content_type": 17, "object_id": "103", "object_repr": "History: European:3-3", "action_flag": 3, "change_message": ""}}, {"model": "admin.logentry", "pk": 339, "fields": {"action_time": "2020-06-25T20:24:07.954Z", "user": 2, "content_type": 17, "object_id": "102", "object_repr": "Gov. & Politics: Comparative:3-3", "action_flag": 3, "change_message": ""}}, {"model": "admin.logentry", "pk": 340, "fields": {"action_time": "2020-06-25T20:24:07.956Z", "user": 2, "content_type": 17, "object_id": "101", "object_repr": "Gov. & Politics: US:3-3", "action_flag": 3, "change_message": ""}}, {"model": "admin.logentry", "pk": 341, "fields": {"action_time": "2020-06-25T20:24:07.958Z", "user": 2, "content_type": 17, "object_id": "100", "object_repr": "Environmental Science:3-3", "action_flag": 3, "change_message": ""}}, {"model": "admin.logentry", "pk": 342, "fields": {"action_time": "2020-06-25T20:24:07.961Z", "user": 2, "content_type": 17, "object_id": "99", "object_repr": "English Literature & Composition:3-3", "action_flag": 3, "change_message": ""}}, {"model": "admin.logentry", "pk": 343, "fields": {"action_time": "2020-06-25T20:24:07.963Z", "user": 2, "content_type": 17, "object_id": "98", "object_repr": "English Language & Composition:3-3", "action_flag": 3, "change_message": ""}}, {"model": "admin.logentry", "pk": 344, "fields": {"action_time": "2020-06-25T20:24:07.965Z", "user": 2, "content_type": 17, "object_id": "97", "object_repr": "Macroeconomics:3-3", "action_flag": 3, "change_message": ""}}, {"model": "admin.logentry", "pk": 345, "fields": {"action_time": "2020-06-25T20:24:07.966Z", "user": 2, "content_type": 17, "object_id": "96", "object_repr": "Microeconomics:3-3", "action_flag": 3, "change_message": ""}}, {"model": "admin.logentry", "pk": 346, "fields": {"action_time": "2020-06-25T20:24:07.968Z", "user": 2, "content_type": 17, "object_id": "95", "object_repr": "Computer Science Principles:3-3", "action_flag": 3, "change_message": ""}}, {"model": "admin.logentry", "pk": 347, "fields": {"action_time": "2020-06-25T20:24:07.970Z", "user": 2, "content_type": 17, "object_id": "94", "object_repr": "Computer Science A:3-3", "action_flag": 3, "change_message": ""}}, {"model": "admin.logentry", "pk": 348, "fields": {"action_time": "2020-06-25T20:24:07.973Z", "user": 2, "content_type": 17, "object_id": "93", "object_repr": "Computer Science A:3-3", "action_flag": 3, "change_message": ""}}, {"model": "admin.logentry", "pk": 349, "fields": {"action_time": "2020-06-25T20:24:07.975Z", "user": 2, "content_type": 17, "object_id": "92", "object_repr": "Computer Science A:3-3", "action_flag": 3, "change_message": ""}}, {"model": "admin.logentry", "pk": 350, "fields": {"action_time": "2020-06-25T20:24:07.978Z", "user": 2, "content_type": 17, "object_id": "91", "object_repr": "Chemistry:3-3", "action_flag": 3, "change_message": ""}}, {"model": "admin.logentry", "pk": 351, "fields": {"action_time": "2020-06-25T20:24:07.979Z", "user": 2, "content_type": 17, "object_id": "90", "object_repr": "Chemistry:3-3", "action_flag": 3, "change_message": ""}}, {"model": "admin.logentry", "pk": 352, "fields": {"action_time": "2020-06-25T20:24:07.981Z", "user": 2, "content_type": 17, "object_id": "89", "object_repr": "Calculus BC:3-3", "action_flag": 3, "change_message": ""}}, {"model": "admin.logentry", "pk": 353, "fields": {"action_time": "2020-06-25T20:24:07.983Z", "user": 2, "content_type": 17, "object_id": "88", "object_repr": "Calculus BC:3-3", "action_flag": 3, "change_message": ""}}, {"model": "admin.logentry", "pk": 354, "fields": {"action_time": "2020-06-25T20:24:07.985Z", "user": 2, "content_type": 17, "object_id": "87", "object_repr": "Calculus AB:3-3", "action_flag": 3, "change_message": ""}}, {"model": "admin.logentry", "pk": 355, "fields": {"action_time": "2020-06-25T20:24:07.987Z", "user": 2, "content_type": 17, "object_id": "86", "object_repr": "Biology:3-3", "action_flag": 3, "change_message": ""}}, {"model": "admin.logentry", "pk": 356, "fields": {"action_time": "2020-06-25T20:24:07.989Z", "user": 2, "content_type": 17, "object_id": "85", "object_repr": "Biology:3-3", "action_flag": 3, "change_message": ""}}, {"model": "admin.logentry", "pk": 357, "fields": {"action_time": "2020-06-25T20:24:07.991Z", "user": 2, "content_type": 17, "object_id": "84", "object_repr": "Biology:3-3", "action_flag": 3, "change_message": ""}}, {"model": "admin.logentry", "pk": 358, "fields": {"action_time": "2020-06-25T20:24:07.993Z", "user": 2, "content_type": 17, "object_id": "83", "object_repr": "Biology:3-3", "action_flag": 3, "change_message": ""}}, {"model": "admin.logentry", "pk": 359, "fields": {"action_time": "2020-06-25T20:24:07.996Z", "user": 2, "content_type": 17, "object_id": "82", "object_repr": "Art History:3-3", "action_flag": 3, "change_message": ""}}, {"model": "admin.logentry", "pk": 360, "fields": {"action_time": "2020-06-25T20:51:29.793Z", "user": 2, "content_type": 17, "object_id": "122", "object_repr": "Art History:3-5", "action_flag": 1, "change_message": "new through import_export"}}, {"model": "admin.logentry", "pk": 361, "fields": {"action_time": "2020-06-25T20:51:29.795Z", "user": 2, "content_type": 17, "object_id": "123", "object_repr": "Biology:3-3", "action_flag": 1, "change_message": "new through import_export"}}, {"model": "admin.logentry", "pk": 362, "fields": {"action_time": "2020-06-25T20:51:29.797Z", "user": 2, "content_type": 17, "object_id": "124", "object_repr": "Biology:4-4", "action_flag": 1, "change_message": "new through import_export"}}, {"model": "admin.logentry", "pk": 363, "fields": {"action_time": "2020-06-25T20:51:29.799Z", "user": 2, "content_type": 17, "object_id": "125", "object_repr": "Biology:5-5", "action_flag": 1, "change_message": "new through import_export"}}, {"model": "admin.logentry", "pk": 364, "fields": {"action_time": "2020-06-25T20:51:29.801Z", "user": 2, "content_type": 17, "object_id": "126", "object_repr": "Calculus AB:3-5", "action_flag": 1, "change_message": "new through import_export"}}, {"model": "admin.logentry", "pk": 365, "fields": {"action_time": "2020-06-25T20:51:29.803Z", "user": 2, "content_type": 17, "object_id": "127", "object_repr": "Calculus BC:3-5", "action_flag": 1, "change_message": "new through import_export"}}, {"model": "admin.logentry", "pk": 366, "fields": {"action_time": "2020-06-25T20:51:29.805Z", "user": 2, "content_type": 17, "object_id": "128", "object_repr": "Chemistry:3-3", "action_flag": 1, "change_message": "new through import_export"}}, {"model": "admin.logentry", "pk": 367, "fields": {"action_time": "2020-06-25T20:51:29.807Z", "user": 2, "content_type": 17, "object_id": "129", "object_repr": "Chemistry:4-5", "action_flag": 1, "change_message": "new through import_export"}}, {"model": "admin.logentry", "pk": 368, "fields": {"action_time": "2020-06-25T20:51:29.808Z", "user": 2, "content_type": 17, "object_id": "130", "object_repr": "Computer Science A:3-3", "action_flag": 1, "change_message": "new through import_export"}}, {"model": "admin.logentry", "pk": 369, "fields": {"action_time": "2020-06-25T20:51:29.811Z", "user": 2, "content_type": 17, "object_id": "131", "object_repr": "Computer Science A:4-5", "action_flag": 1, "change_message": "new through import_export"}}, {"model": "admin.logentry", "pk": 370, "fields": {"action_time": "2020-06-25T20:51:29.813Z", "user": 2, "content_type": 17, "object_id": "132", "object_repr": "Computer Science Principles:3-5", "action_flag": 1, "change_message": "new through import_export"}}, {"model": "admin.logentry", "pk": 371, "fields": {"action_time": "2020-06-25T20:51:29.814Z", "user": 2, "content_type": 17, "object_id": "133", "object_repr": "Microeconomics:3-5", "action_flag": 1, "change_message": "new through import_export"}}, {"model": "admin.logentry", "pk": 372, "fields": {"action_time": "2020-06-25T20:51:29.816Z", "user": 2, "content_type": 17, "object_id": "134", "object_repr": "Macroeconomics:3-5", "action_flag": 1, "change_message": "new through import_export"}}, {"model": "admin.logentry", "pk": 373, "fields": {"action_time": "2020-06-25T20:51:29.818Z", "user": 2, "content_type": 17, "object_id": "135", "object_repr": "English Language & Composition:3-5", "action_flag": 1, "change_message": "new through import_export"}}, {"model": "admin.logentry", "pk": 374, "fields": {"action_time": "2020-06-25T20:51:29.820Z", "user": 2, "content_type": 17, "object_id": "136", "object_repr": "English Literature & Composition:3-5", "action_flag": 1, "change_message": "new through import_export"}}, {"model": "admin.logentry", "pk": 375, "fields": {"action_time": "2020-06-25T20:51:29.822Z", "user": 2, "content_type": 17, "object_id": "137", "object_repr": "Environmental Science:3-5", "action_flag": 1, "change_message": "new through import_export"}}, {"model": "admin.logentry", "pk": 376, "fields": {"action_time": "2020-06-25T20:51:29.823Z", "user": 2, "content_type": 17, "object_id": "138", "object_repr": "Gov. & Politics: US:3-5", "action_flag": 1, "change_message": "new through import_export"}}, {"model": "admin.logentry", "pk": 377, "fields": {"action_time": "2020-06-25T20:51:29.825Z", "user": 2, "content_type": 17, "object_id": "139", "object_repr": "Gov. & Politics: Comparative:3-5", "action_flag": 1, "change_message": "new through import_export"}}, {"model": "admin.logentry", "pk": 378, "fields": {"action_time": "2020-06-25T20:51:29.827Z", "user": 2, "content_type": 17, "object_id": "140", "object_repr": "History: European:3-5", "action_flag": 1, "change_message": "new through import_export"}}, {"model": "admin.logentry", "pk": 379, "fields": {"action_time": "2020-06-25T20:51:29.829Z", "user": 2, "content_type": 17, "object_id": "141", "object_repr": "History: US:3-5", "action_flag": 1, "change_message": "new through import_export"}}, {"model": "admin.logentry", "pk": 380, "fields": {"action_time": "2020-06-25T20:51:29.830Z", "user": 2, "content_type": 17, "object_id": "142", "object_repr": "History: World:3-5", "action_flag": 1, "change_message": "new through import_export"}}, {"model": "admin.logentry", "pk": 381, "fields": {"action_time": "2020-06-25T20:51:29.833Z", "user": 2, "content_type": 17, "object_id": "143", "object_repr": "Human Geography:3-5", "action_flag": 1, "change_message": "new through import_export"}}, {"model": "admin.logentry", "pk": 382, "fields": {"action_time": "2020-06-25T20:51:29.835Z", "user": 2, "content_type": 17, "object_id": "144", "object_repr": "Music Theory:3-3", "action_flag": 1, "change_message": "new through import_export"}}, {"model": "admin.logentry", "pk": 383, "fields": {"action_time": "2020-06-25T20:51:29.837Z", "user": 2, "content_type": 17, "object_id": "145", "object_repr": "Music Theory:4-5", "action_flag": 1, "change_message": "new through import_export"}}, {"model": "admin.logentry", "pk": 384, "fields": {"action_time": "2020-06-25T20:51:29.839Z", "user": 2, "content_type": 17, "object_id": "146", "object_repr": "Physics 1:3-5", "action_flag": 1, "change_message": "new through import_export"}}, {"model": "admin.logentry", "pk": 385, "fields": {"action_time": "2020-06-25T20:51:29.840Z", "user": 2, "content_type": 17, "object_id": "147", "object_repr": "Physics 2:3-5", "action_flag": 1, "change_message": "new through import_export"}}, {"model": "admin.logentry", "pk": 386, "fields": {"action_time": "2020-06-25T20:51:29.842Z", "user": 2, "content_type": 17, "object_id": "148", "object_repr": "Physics C: Electricity & Magnets:3-5", "action_flag": 1, "change_message": "new through import_export"}}, {"model": "admin.logentry", "pk": 387, "fields": {"action_time": "2020-06-25T20:51:29.844Z", "user": 2, "content_type": 17, "object_id": "149", "object_repr": "Physics C: Mechanics:3-5", "action_flag": 1, "change_message": "new through import_export"}}, {"model": "admin.logentry", "pk": 388, "fields": {"action_time": "2020-06-25T20:51:29.846Z", "user": 2, "content_type": 17, "object_id": "150", "object_repr": "Psychology:3-5", "action_flag": 1, "change_message": "new through import_export"}}, {"model": "admin.logentry", "pk": 389, "fields": {"action_time": "2020-06-25T20:51:29.848Z", "user": 2, "content_type": 17, "object_id": "151", "object_repr": "Statistics:3-3", "action_flag": 1, "change_message": "new through import_export"}}, {"model": "admin.logentry", "pk": 390, "fields": {"action_time": "2020-06-25T20:51:29.850Z", "user": 2, "content_type": 17, "object_id": "152", "object_repr": "Statistics:4-5", "action_flag": 1, "change_message": "new through import_export"}}, {"model": "admin.logentry", "pk": 391, "fields": {"action_time": "2020-06-25T20:51:29.852Z", "user": 2, "content_type": 17, "object_id": "153", "object_repr": "Studio Art: 2D Design:3-5", "action_flag": 1, "change_message": "new through import_export"}}, {"model": "admin.logentry", "pk": 392, "fields": {"action_time": "2020-06-25T20:51:29.854Z", "user": 2, "content_type": 17, "object_id": "154", "object_repr": "Studio Art: 3D Design:3-5", "action_flag": 1, "change_message": "new through import_export"}}, {"model": "admin.logentry", "pk": 393, "fields": {"action_time": "2020-06-25T20:51:29.856Z", "user": 2, "content_type": 17, "object_id": "155", "object_repr": "Studio Art: Drawing:3-5", "action_flag": 1, "change_message": "new through import_export"}}, {"model": "admin.logentry", "pk": 394, "fields": {"action_time": "2020-06-25T20:52:31.138Z", "user": 2, "content_type": 17, "object_id": "155", "object_repr": "Studio Art: Drawing:3-5", "action_flag": 2, "change_message": "[{\"changed\": {\"fields\": [\"Courses\"]}}]"}}, {"model": "admin.logentry", "pk": 395, "fields": {"action_time": "2020-06-25T20:53:00.805Z", "user": 2, "content_type": 17, "object_id": "123", "object_repr": "Biology:3-3", "action_flag": 2, "change_message": "[{\"changed\": {\"fields\": [\"Courses\"]}}]"}}, {"model": "admin.logentry", "pk": 396, "fields": {"action_time": "2020-06-25T20:53:16.188Z", "user": 2, "content_type": 17, "object_id": "124", "object_repr": "Biology:4-4", "action_flag": 2, "change_message": "[{\"changed\": {\"fields\": [\"Courses\"]}}]"}}, {"model": "admin.logentry", "pk": 397, "fields": {"action_time": "2020-06-25T20:53:48.178Z", "user": 2, "content_type": 13, "object_id": "1", "object_repr": "Biology 1101", "action_flag": 3, "change_message": ""}}, {"model": "admin.logentry", "pk": 398, "fields": {"action_time": "2020-06-25T20:54:33.421Z", "user": 2, "content_type": 17, "object_id": "125", "object_repr": "Biology:5-5", "action_flag": 2, "change_message": "[{\"changed\": {\"fields\": [\"Courses\"]}}]"}}, {"model": "admin.logentry", "pk": 399, "fields": {"action_time": "2020-06-25T20:54:55.039Z", "user": 2, "content_type": 17, "object_id": "126", "object_repr": "Calculus AB:3-5", "action_flag": 2, "change_message": "[{\"changed\": {\"fields\": [\"Courses\"]}}]"}}, {"model": "admin.logentry", "pk": 400, "fields": {"action_time": "2020-06-25T20:55:07.408Z", "user": 2, "content_type": 17, "object_id": "127", "object_repr": "Calculus BC:3-5", "action_flag": 2, "change_message": "[{\"changed\": {\"fields\": [\"Courses\"]}}]"}}, {"model": "admin.logentry", "pk": 401, "fields": {"action_time": "2020-06-25T20:55:28.252Z", "user": 2, "content_type": 17, "object_id": "128", "object_repr": "Chemistry:3-3", "action_flag": 2, "change_message": "[{\"changed\": {\"fields\": [\"Courses\"]}}]"}}, {"model": "admin.logentry", "pk": 402, "fields": {"action_time": "2020-06-25T20:55:46.297Z", "user": 2, "content_type": 17, "object_id": "129", "object_repr": "Chemistry:4-5", "action_flag": 2, "change_message": "[{\"changed\": {\"fields\": [\"Courses\"]}}]"}}, {"model": "admin.logentry", "pk": 403, "fields": {"action_time": "2020-06-25T20:56:17.500Z", "user": 2, "content_type": 17, "object_id": "130", "object_repr": "Computer Science A:3-3", "action_flag": 2, "change_message": "[{\"changed\": {\"fields\": [\"Courses\"]}}]"}}, {"model": "admin.logentry", "pk": 404, "fields": {"action_time": "2020-06-25T20:56:38.547Z", "user": 2, "content_type": 17, "object_id": "131", "object_repr": "Computer Science A:4-5", "action_flag": 2, "change_message": "[{\"changed\": {\"fields\": [\"Courses\"]}}]"}}, {"model": "admin.logentry", "pk": 405, "fields": {"action_time": "2020-06-25T20:57:10.726Z", "user": 2, "content_type": 17, "object_id": "132", "object_repr": "Computer Science Principles:3-5", "action_flag": 2, "change_message": "[{\"changed\": {\"fields\": [\"Courses\"]}}]"}}, {"model": "admin.logentry", "pk": 406, "fields": {"action_time": "2020-06-25T20:57:30.939Z", "user": 2, "content_type": 17, "object_id": "133", "object_repr": "Microeconomics:3-5", "action_flag": 2, "change_message": "[]"}}, {"model": "admin.logentry", "pk": 407, "fields": {"action_time": "2020-06-25T20:57:52.201Z", "user": 2, "content_type": 17, "object_id": "133", "object_repr": "Microeconomics:3-5", "action_flag": 2, "change_message": "[{\"changed\": {\"fields\": [\"Courses\"]}}]"}}, {"model": "admin.logentry", "pk": 408, "fields": {"action_time": "2020-06-25T20:57:59.260Z", "user": 2, "content_type": 17, "object_id": "134", "object_repr": "Macroeconomics:3-5", "action_flag": 2, "change_message": "[{\"changed\": {\"fields\": [\"Courses\"]}}]"}}, {"model": "admin.logentry", "pk": 409, "fields": {"action_time": "2020-06-25T20:58:55.515Z", "user": 2, "content_type": 13, "object_id": "24", "object_repr": "English 1110.01", "action_flag": 3, "change_message": ""}}, {"model": "admin.logentry", "pk": 410, "fields": {"action_time": "2020-06-25T20:59:03.217Z", "user": 2, "content_type": 13, "object_id": "25", "object_repr": "English 1110.02", "action_flag": 3, "change_message": ""}}, {"model": "admin.logentry", "pk": 411, "fields": {"action_time": "2020-06-25T20:59:49.764Z", "user": 2, "content_type": 17, "object_id": "135", "object_repr": "English Language & Composition:3-5", "action_flag": 2, "change_message": "[{\"changed\": {\"fields\": [\"Courses\"]}}]"}}, {"model": "admin.logentry", "pk": 412, "fields": {"action_time": "2020-06-25T20:59:58.488Z", "user": 2, "content_type": 17, "object_id": "136", "object_repr": "English Literature & Composition:3-5", "action_flag": 2, "change_message": "[{\"changed\": {\"fields\": [\"Courses\"]}}]"}}, {"model": "admin.logentry", "pk": 413, "fields": {"action_time": "2020-06-25T21:00:30.438Z", "user": 2, "content_type": 17, "object_id": "137", "object_repr": "Environmental Science:3-5", "action_flag": 2, "change_message": "[{\"changed\": {\"fields\": [\"Courses\"]}}]"}}, {"model": "admin.logentry", "pk": 414, "fields": {"action_time": "2020-06-25T21:00:44.611Z", "user": 2, "content_type": 17, "object_id": "138", "object_repr": "Gov. & Politics: US:3-5", "action_flag": 2, "change_message": "[{\"changed\": {\"fields\": [\"Courses\"]}}]"}}, {"model": "admin.logentry", "pk": 415, "fields": {"action_time": "2020-06-25T21:01:04.716Z", "user": 2, "content_type": 17, "object_id": "139", "object_repr": "Gov. & Politics: Comparative:3-5", "action_flag": 2, "change_message": "[{\"changed\": {\"fields\": [\"Courses\"]}}]"}}, {"model": "admin.logentry", "pk": 416, "fields": {"action_time": "2020-06-25T21:01:47.006Z", "user": 2, "content_type": 17, "object_id": "140", "object_repr": "History: European:3-5", "action_flag": 2, "change_message": "[{\"changed\": {\"fields\": [\"Courses\"]}}]"}}, {"model": "admin.logentry", "pk": 417, "fields": {"action_time": "2020-06-25T21:02:14.132Z", "user": 2, "content_type": 17, "object_id": "141", "object_repr": "History: US:3-5", "action_flag": 2, "change_message": "[{\"changed\": {\"fields\": [\"Courses\"]}}]"}}, {"model": "admin.logentry", "pk": 418, "fields": {"action_time": "2020-06-25T21:02:39.835Z", "user": 2, "content_type": 17, "object_id": "142", "object_repr": "History: World:3-5", "action_flag": 2, "change_message": "[{\"changed\": {\"fields\": [\"Courses\"]}}]"}}, {"model": "admin.logentry", "pk": 419, "fields": {"action_time": "2020-06-25T21:02:52.833Z", "user": 2, "content_type": 17, "object_id": "142", "object_repr": "History: World:3-5", "action_flag": 2, "change_message": "[{\"changed\": {\"fields\": [\"Courses\"]}}]"}}, {"model": "admin.logentry", "pk": 420, "fields": {"action_time": "2020-06-25T21:03:13.202Z", "user": 2, "content_type": 17, "object_id": "143", "object_repr": "Human Geography:3-5", "action_flag": 2, "change_message": "[{\"changed\": {\"fields\": [\"Courses\"]}}]"}}, {"model": "admin.logentry", "pk": 421, "fields": {"action_time": "2020-06-25T21:03:24.998Z", "user": 2, "content_type": 17, "object_id": "144", "object_repr": "Music Theory:3-3", "action_flag": 2, "change_message": "[{\"changed\": {\"fields\": [\"Courses\"]}}]"}}, {"model": "admin.logentry", "pk": 422, "fields": {"action_time": "2020-06-25T21:03:45.727Z", "user": 2, "content_type": 17, "object_id": "145", "object_repr": "Music Theory:4-5", "action_flag": 2, "change_message": "[{\"changed\": {\"fields\": [\"Courses\"]}}]"}}, {"model": "admin.logentry", "pk": 423, "fields": {"action_time": "2020-06-25T21:03:59.421Z", "user": 2, "content_type": 17, "object_id": "146", "object_repr": "Physics 1:3-5", "action_flag": 2, "change_message": "[{\"changed\": {\"fields\": [\"Courses\"]}}]"}}, {"model": "admin.logentry", "pk": 424, "fields": {"action_time": "2020-06-25T21:04:14.273Z", "user": 2, "content_type": 17, "object_id": "147", "object_repr": "Physics 2:3-5", "action_flag": 2, "change_message": "[{\"changed\": {\"fields\": [\"Courses\"]}}]"}}, {"model": "admin.logentry", "pk": 425, "fields": {"action_time": "2020-06-25T21:04:27.267Z", "user": 2, "content_type": 17, "object_id": "148", "object_repr": "Physics C: Electricity & Magnets:3-5", "action_flag": 2, "change_message": "[{\"changed\": {\"fields\": [\"Courses\"]}}]"}}, {"model": "admin.logentry", "pk": 426, "fields": {"action_time": "2020-06-25T21:04:39.053Z", "user": 2, "content_type": 17, "object_id": "149", "object_repr": "Physics C: Mechanics:3-5", "action_flag": 2, "change_message": "[{\"changed\": {\"fields\": [\"Courses\"]}}]"}}, {"model": "admin.logentry", "pk": 427, "fields": {"action_time": "2020-06-25T21:04:52.260Z", "user": 2, "content_type": 17, "object_id": "150", "object_repr": "Psychology:3-5", "action_flag": 2, "change_message": "[{\"changed\": {\"fields\": [\"Courses\"]}}]"}}, {"model": "admin.logentry", "pk": 428, "fields": {"action_time": "2020-06-25T21:05:07.136Z", "user": 2, "content_type": 17, "object_id": "151", "object_repr": "Statistics:3-3", "action_flag": 2, "change_message": "[{\"changed\": {\"fields\": [\"Courses\"]}}]"}}, {"model": "admin.logentry", "pk": 429, "fields": {"action_time": "2020-06-25T21:05:19.472Z", "user": 2, "content_type": 17, "object_id": "152", "object_repr": "Statistics:4-5", "action_flag": 2, "change_message": "[{\"changed\": {\"fields\": [\"Courses\"]}}]"}}, {"model": "admin.logentry", "pk": 430, "fields": {"action_time": "2020-06-25T21:05:44.895Z", "user": 2, "content_type": 17, "object_id": "153", "object_repr": "Studio Art: 2D Design:3-5", "action_flag": 2, "change_message": "[{\"changed\": {\"fields\": [\"Courses\"]}}]"}}, {"model": "admin.logentry", "pk": 431, "fields": {"action_time": "2020-06-25T21:05:57.682Z", "user": 2, "content_type": 17, "object_id": "154", "object_repr": "Studio Art: 3D Design:3-5", "action_flag": 2, "change_message": "[{\"changed\": {\"fields\": [\"Courses\"]}}]"}}, {"model": "admin.logentry", "pk": 432, "fields": {"action_time": "2020-06-25T21:06:31.150Z", "user": 2, "content_type": 17, "object_id": "155", "object_repr": "Studio Art: Drawing:3-5", "action_flag": 2, "change_message": "[{\"changed\": {\"fields\": [\"Courses\"]}}]"}}, {"model": "admin.logentry", "pk": 433, "fields": {"action_time": "2020-06-25T21:06:41.825Z", "user": 2, "content_type": 17, "object_id": "122", "object_repr": "Art History:3-5", "action_flag": 2, "change_message": "[{\"changed\": {\"fields\": [\"Courses\"]}}]"}}, {"model": "admin.logentry", "pk": 434, "fields": {"action_time": "2020-06-25T21:07:47.414Z", "user": 2, "content_type": 13, "object_id": "47", "object_repr": "ART 2100", "action_flag": 2, "change_message": "[{\"changed\": {\"fields\": [\"Credit\"]}}, {\"added\": {\"name\": \"prereq-course relationship\", \"object\": \"Prereq_courses object (11)\"}}]"}}, {"model": "admin.logentry", "pk": 435, "fields": {"action_time": "2020-06-25T21:07:59.949Z", "user": 2, "content_type": 14, "object_id": "1", "object_repr": "n/a", "action_flag": 2, "change_message": "[{\"changed\": {\"fields\": [\"Courses\"]}}]"}}, {"model": "admin.logentry", "pk": 436, "fields": {"action_time": "2020-06-25T21:08:16.750Z", "user": 2, "content_type": 14, "object_id": "1", "object_repr": "n/a", "action_flag": 2, "change_message": "[]"}}, {"model": "admin.logentry", "pk": 437, "fields": {"action_time": "2020-06-26T23:36:55.768Z", "user": 2, "content_type": 9, "object_id": "3", "object_repr": "dave", "action_flag": 3, "change_message": ""}}, {"model": "admin.logentry", "pk": 438, "fields": {"action_time": "2020-06-27T21:44:00.795Z", "user": 2, "content_type": 9, "object_id": "4", "object_repr": "davesmith", "action_flag": 3, "change_message": ""}}, {"model": "admin.logentry", "pk": 439, "fields": {"action_time": "2020-06-27T21:57:30.331Z", "user": 2, "content_type": 9, "object_id": "5", "object_repr": "davesmith", "action_flag": 3, "change_message": ""}}, {"model": "admin.logentry", "pk": 440, "fields": {"action_time": "2020-06-28T17:52:22.069Z", "user": 2, "content_type": 9, "object_id": "7", "object_repr": "bencrespo", "action_flag": 3, "change_message": ""}}, {"model": "admin.logentry", "pk": 441, "fields": {"action_time": "2020-06-28T17:52:22.073Z", "user": 2, "content_type": 9, "object_id": "6", "object_repr": "davesmith", "action_flag": 3, "change_message": ""}}, {"model": "admin.logentry", "pk": 442, "fields": {"action_time": "2020-06-28T17:58:35.455Z", "user": 2, "content_type": 9, "object_id": "8", "object_repr": "DaveSmith", "action_flag": 3, "change_message": ""}}, {"model": "admin.logentry", "pk": 443, "fields": {"action_time": "2020-06-28T20:25:04.678Z", "user": 2, "content_type": 22, "object_id": "4", "object_repr": "moo", "action_flag": 3, "change_message": ""}}, {"model": "admin.logentry", "pk": 444, "fields": {"action_time": "2020-06-28T20:25:04.682Z", "user": 2, "content_type": 22, "object_id": "3", "object_repr": "moo", "action_flag": 3, "change_message": ""}}, {"model": "admin.logentry", "pk": 445, "fields": {"action_time": "2020-06-28T20:25:04.684Z", "user": 2, "content_type": 22, "object_id": "2", "object_repr": "moo", "action_flag": 3, "change_message": ""}}, {"model": "admin.logentry", "pk": 446, "fields": {"action_time": "2020-06-28T20:25:04.686Z", "user": 2, "content_type": 22, "object_id": "1", "object_repr": "moo", "action_flag": 3, "change_message": ""}}, {"model": "admin.logentry", "pk": 447, "fields": {"action_time": "2020-06-28T20:25:21.032Z", "user": 2, "content_type": 23, "object_id": "1", "object_repr": "Dave Smith", "action_flag": 3, "change_message": ""}}, {"model": "admin.logentry", "pk": 448, "fields": {"action_time": "2020-06-28T20:25:32.085Z", "user": 2, "content_type": 9, "object_id": "9", "object_repr": "davesmith", "action_flag": 3, "change_message": ""}}, {"model": "admin.logentry", "pk": 449, "fields": {"action_time": "2020-06-28T20:32:28.759Z", "user": 2, "content_type": 23, "object_id": "3", "object_repr": "Dave Smith", "action_flag": 3, "change_message": ""}}, {"model": "admin.logentry", "pk": 450, "fields": {"action_time": "2020-06-28T20:32:46.684Z", "user": 2, "content_type": 23, "object_id": "2", "object_repr": "Dave Smith", "action_flag": 3, "change_message": ""}}, {"model": "admin.logentry", "pk": 451, "fields": {"action_time": "2020-06-28T22:01:56.150Z", "user": 2, "content_type": 9, "object_id": "10", "object_repr": "davesmith", "action_flag": 3, "change_message": ""}}, {"model": "admin.logentry", "pk": 452, "fields": {"action_time": "2020-06-28T22:23:08.506Z", "user": 2, "content_type": 22, "object_id": "6", "object_repr": "test", "action_flag": 3, "change_message": ""}}]